"goal","keyword","pattern","weight","color"
1,"poverty","\b(\d*)poverty(\d*)\b",21.04,"#e5243b"
1,"social protection","\b(\d*)social protection(\d*)\b",14.25,"#e5243b"
1,"health insurance","\b(\d*)health insurance(\d*)\b",13.82,"#e5243b"
1,"social welfare","\b(\d*)social welfare(\d*)\b",13.3,"#e5243b"
1,"welfare","\b(\d*)welfare(\d*)\b",11.53,"#e5243b"
1,"social security","\b(\d*)social security(\d*)\b",11.47,"#e5243b"
1,"pension","\b(\d*)pension(\d*)\b",9.71,"#e5243b"
1,"social policy","\b(\d*)social policy(\d*)\b",8.77,"#e5243b"
1,"unemployment","\b(\d*)unemployment(\d*)\b",8.65,"#e5243b"
1,"social investment","\b(\d*)social investment(\d*)\b",8.54,"#e5243b"
1,"safety net","\b(\d*)safety net(\d*)\b",8.48,"#e5243b"
1,"social","\b(\d*)social(\d*)\b",7.51,"#e5243b"
1,"social exclusion","\b(\d*)social exclusion(\d*)\b",7.36,"#e5243b"
1,"inequality","\b(\d*)inequality(\d*)\b",7.17,"#e5243b"
1,"insurance","\b(\d*)insurance(\d*)\b",7.13,"#e5243b"
1,"retrenchment","\b(\d*)retrenchment(\d*)\b",6.99,"#e5243b"
1,"access","\b(\d*)access(\d*)\b",6.57,"#e5243b"
1,"developing countries","\b(\d*)developing countries(\d*)\b",6.55,"#e5243b"
1,"employment","\b(\d*)employment(\d*)\b",6.52,"#e5243b"
1,"poor","\b(\d*)poor(\d*)\b",6.52,"#e5243b"
1,"poverty line","\b(\d*)poverty line(\d*)\b",6.45,"#e5243b"
1,"uninsured","\b(\d*)uninsured(\d*)\b",6.26,"#e5243b"
1,"social policies","\b(\d*)social policies(\d*)\b",6.1,"#e5243b"
1,"lorenz","\b(\d*)lorenz(\d*)\b",5.76,"#e5243b"
1,"economic resources","\b(\d*)economic resources(\d*)\b",5.65,"#e5243b"
1,"income","\b(\d*)income(\d*)\b",5.6,"#e5243b"
1,"policy","\b(\d*)policy(\d*)\b",5.51,"#e5243b"
1,"water","\b(\d*)water(\d*)\b",5.45,"#e5243b"
1,"unemployment insurance","\b(\d*)unemployment insurance(\d*)\b",5.43,"#e5243b"
1,"gini","\b(\d*)gini(\d*)\b",5.36,"#e5243b"
1,"tanf","\b(\d*)tanf(\d*)\b",5.22,"#e5243b"
1,"pension plan","\b(\d*)pension plan(\d*)\b",5.04,"#e5243b"
1,"welfare reform","\b(\d*)welfare reform(\d*)\b",4.93,"#e5243b"
1,"family policy","\b(\d*)family policy(\d*)\b",4.9,"#e5243b"
1,"urban","\b(\d*)urban(\d*)\b",4.74,"#e5243b"
1,"economic","\b(\d*)economic(\d*)\b",4.72,"#e5243b"
1,"exclusion","\b(\d*)exclusion(\d*)\b",4.67,"#e5243b"
1,"telecommunication","\b(\d*)telecommunication(\d*)\b",4.56,"#e5243b"
1,"public pension","\b(\d*)public pension(\d*)\b",4.52,"#e5243b"
1,"policies","\b(\d*)policies(\d*)\b",4.5,"#e5243b"
1,"gini coefficient","\b(\d*)gini coefficient(\d*)\b",4.41,"#e5243b"
1,"low income","\b(\d*)low income(\d*)\b",4.29,"#e5243b"
1,"national health","\b(\d*)national health(\d*)\b",3.72,"#e5243b"
1,"disaster","\b(\d*)disaster(\d*)\b",3.68,"#e5243b"
1,"property rights","\b(\d*)property rights(\d*)\b",3.63,"#e5243b"
1,"pro","\b(\d*)pro(\d*)\b",3.53,"#e5243b"
1,"rats","\b(\d*)rats(\d*)\b",3.44,"#e5243b"
1,"unemployed","\b(\d*)unemployed(\d*)\b",3.44,"#e5243b"
1,"vulnerable","\b(\d*)vulnerable(\d*)\b",3.42,"#e5243b"
1,"redistribution","\b(\d*)redistribution(\d*)\b",3.4,"#e5243b"
1,"pension reform","\b(\d*)pension reform(\d*)\b",3.39,"#e5243b"
1,"welfare work","\b(\d*)welfare work(\d*)\b",3.38,"#e5243b"
1,"disasters","\b(\d*)disasters(\d*)\b",3.35,"#e5243b"
1,"land","\b(\d*)land(\d*)\b",3.28,"#e5243b"
1,"vulnerabilities","\b(\d*)vulnerabilities(\d*)\b",3.26,"#e5243b"
1,"defined contribution","\b(\d*)defined contribution(\d*)\b",3.24,"#e5243b"
1,"vulnerability","\b(\d*)vulnerability(\d*)\b",3.24,"#e5243b"
1,"poverty rates","\b(\d*)poverty rates(\d*)\b",3.22,"#e5243b"
1,"restitution","\b(\d*)restitution(\d*)\b",3.21,"#e5243b"
1,"homeless","\b(\d*)homeless(\d*)\b",3.16,"#e5243b"
1,"pigs","\b(\d*)pigs(\d*)\b",3.12,"#e5243b"
1,"disability","\b(\d*)disability(\d*)\b",3.04,"#e5243b"
1,"marxist","\b(\d*)marxist(\d*)\b",2.96,"#e5243b"
1,"security","\b(\d*)security(\d*)\b",2.9,"#e5243b"
1,"social vulnerability","\b(\d*)social vulnerability(\d*)\b",2.89,"#e5243b"
1,"pensions","\b(\d*)pensions(\d*)\b",2.88,"#e5243b"
1,"extreme","\b(\d*)extreme(\d*)\b",2.88,"#e5243b"
1,"economic status","\b(\d*)economic status(\d*)\b",2.86,"#e5243b"
1,"older people","\b(\d*)older people(\d*)\b",2.85,"#e5243b"
1,"rights","\b(\d*)rights(\d*)\b",2.82,"#e5243b"
1,"people","\b(\d*)people(\d*)\b",2.82,"#e5243b"
1,"racism","\b(\d*)racism(\d*)\b",2.82,"#e5243b"
1,"inequalities","\b(\d*)inequalities(\d*)\b",2.72,"#e5243b"
1,"homelessness","\b(\d*)homelessness(\d*)\b",2.72,"#e5243b"
1,"bank","\b(\d*)bank(\d*)\b",2.7,"#e5243b"
1,"retirement","\b(\d*)retirement(\d*)\b",2.66,"#e5243b"
1,"masonry","\b(\d*)masonry(\d*)\b",2.66,"#e5243b"
1,"safety","\b(\d*)safety(\d*)\b",2.66,"#e5243b"
1,"child support","\b(\d*)child support(\d*)\b",2.65,"#e5243b"
1,"shelf","\b(\d*)shelf(\d*)\b",2.64,"#e5243b"
1,"reimbursement","\b(\d*)reimbursement(\d*)\b",2.63,"#e5243b"
1,"developing country","\b(\d*)developing country(\d*)\b",2.57,"#e5243b"
1,"portability","\b(\d*)portability(\d*)\b",2.55,"#e5243b"
1,"social rights","\b(\d*)social rights(\d*)\b",2.53,"#e5243b"
1,"seismic","\b(\d*)seismic(\d*)\b",2.51,"#e5243b"
1,"expenditures","\b(\d*)expenditures(\d*)\b",2.45,"#e5243b"
1,"developing","\b(\d*)developing(\d*)\b",2.44,"#e5243b"
1,"countries","\b(\d*)countries(\d*)\b",2.42,"#e5243b"
1,"revolution","\b(\d*)revolution(\d*)\b",2.4,"#e5243b"
1,"disadvantaged","\b(\d*)disadvantaged(\d*)\b",2.4,"#e5243b"
1,"family","\b(\d*)family(\d*)\b",2.38,"#e5243b"
1,"ethanol","\b(\d*)ethanol(\d*)\b",2.35,"#e5243b"
1,"health","\b(\d*)health(\d*)\b",2.33,"#e5243b"
1,"empowerment","\b(\d*)empowerment(\d*)\b",2.3,"#e5243b"
1,"ui","\b(\d*)ui(\d*)\b",2.3,"#e5243b"
1,"deprivation","\b(\d*)deprivation(\d*)\b",2.29,"#e5243b"
1,"spectrum","\b(\d*)spectrum(\d*)\b",2.27,"#e5243b"
1,"flood","\b(\d*)flood(\d*)\b",2.25,"#e5243b"
1,"beneficiaries","\b(\d*)beneficiaries(\d*)\b",2.24,"#e5243b"
1,"city","\b(\d*)city(\d*)\b",2.23,"#e5243b"
2,"malnutrition","\b(\d*)malnutrition(\d*)\b",33.44,"#DDA63A"
2,"biological control","\b(\d*)biological control(\d*)\b",23.87,"#DDA63A"
2,"food security","\b(\d*)food security(\d*)\b",22.28,"#DDA63A"
2,"domestication","\b(\d*)domestication(\d*)\b",17.25,"#DDA63A"
2,"organic systems","\b(\d*)organic systems(\d*)\b",16.12,"#DDA63A"
2,"stunting","\b(\d*)stunting(\d*)\b",13.87,"#DDA63A"
2,"agroforestry","\b(\d*)agroforestry(\d*)\b",13.44,"#DDA63A"
2,"biocontrol","\b(\d*)biocontrol(\d*)\b",13.19,"#DDA63A"
2,"agricultural","\b(\d*)agricultural(\d*)\b",12.83,"#DDA63A"
2,"undernutrition","\b(\d*)undernutrition(\d*)\b",12.38,"#DDA63A"
2,"malnourished","\b(\d*)malnourished(\d*)\b",12,"#DDA63A"
2,"agriculture","\b(\d*)agriculture(\d*)\b",11.57,"#DDA63A"
2,"smallholder","\b(\d*)smallholder(\d*)\b",10.86,"#DDA63A"
2,"organic","\b(\d*)organic(\d*)\b",10.82,"#DDA63A"
2,"natural enemies","\b(\d*)natural enemies(\d*)\b",10.61,"#DDA63A"
2,"precision agriculture","\b(\d*)precision agriculture(\d*)\b",9.92,"#DDA63A"
2,"enemies","\b(\d*)enemies(\d*)\b",9.87,"#DDA63A"
2,"intercropping","\b(\d*)intercropping(\d*)\b",9.72,"#DDA63A"
2,"precision","\b(\d*)precision(\d*)\b",9.08,"#DDA63A"
2,"crop","\b(\d*)crop(\d*)\b",8.92,"#DDA63A"
2,"crop rotation","\b(\d*)crop rotation(\d*)\b",7.75,"#DDA63A"
2,"integrated pest","\b(\d*)integrated pest(\d*)\b",7.71,"#DDA63A"
2,"genetic resources","\b(\d*)genetic resources(\d*)\b",7.45,"#DDA63A"
2,"green manure","\b(\d*)green manure(\d*)\b",7.14,"#DDA63A"
2,"nutritional","\b(\d*)nutritional(\d*)\b",7.02,"#DDA63A"
2,"food insecurity","\b(\d*)food insecurity(\d*)\b",7.01,"#DDA63A"
2,"conservation tillage","\b(\d*)conservation tillage(\d*)\b",6.85,"#DDA63A"
2,"rural development","\b(\d*)rural development(\d*)\b",6.84,"#DDA63A"
2,"undernourished","\b(\d*)undernourished(\d*)\b",6.8,"#DDA63A"
2,"pest management","\b(\d*)pest management(\d*)\b",6.76,"#DDA63A"
2,"food","\b(\d*)food(\d*)\b",6.59,"#DDA63A"
2,"agri","\b(\d*)agri(\d*)\b",6.34,"#DDA63A"
2,"smallholders","\b(\d*)smallholders(\d*)\b",6.3,"#DDA63A"
2,"biological","\b(\d*)biological(\d*)\b",6.26,"#DDA63A"
2,"farming","\b(\d*)farming(\d*)\b",6.19,"#DDA63A"
2,"pastoral","\b(\d*)pastoral(\d*)\b",6.19,"#DDA63A"
2,"genetic diversity","\b(\d*)genetic diversity(\d*)\b",6.04,"#DDA63A"
2,"farm","\b(\d*)farm(\d*)\b",5.95,"#DDA63A"
2,"silvopastoral","\b(\d*)silvopastoral(\d*)\b",5.91,"#DDA63A"
2,"organic farming","\b(\d*)organic farming(\d*)\b",5.9,"#DDA63A"
2,"wild rice","\b(\d*)wild rice(\d*)\b",5.86,"#DDA63A"
2,"organic production","\b(\d*)organic production(\d*)\b",5.73,"#DDA63A"
2,"farmers","\b(\d*)farmers(\d*)\b",5.73,"#DDA63A"
2,"agricultural intensification","\b(\d*)agricultural intensification(\d*)\b",5.5,"#DDA63A"
2,"small farmers","\b(\d*)small farmers(\d*)\b",5.37,"#DDA63A"
2,"agro","\b(\d*)agro(\d*)\b",5.37,"#DDA63A"
2,"nutritional risk","\b(\d*)nutritional risk(\d*)\b",5.35,"#DDA63A"
2,"variable rate","\b(\d*)variable rate(\d*)\b",5.27,"#DDA63A"
2,"natural enemy","\b(\d*)natural enemy(\d*)\b",5.27,"#DDA63A"
2,"investment","\b(\d*)investment(\d*)\b",5.26,"#DDA63A"
2,"nutrition","\b(\d*)nutrition(\d*)\b",5.23,"#DDA63A"
2,"intercropped","\b(\d*)intercropped(\d*)\b",5.23,"#DDA63A"
2,"domesticated","\b(\d*)domesticated(\d*)\b",5.16,"#DDA63A"
2,"cover crop","\b(\d*)cover crop(\d*)\b",5.15,"#DDA63A"
2,"insecurity","\b(\d*)insecurity(\d*)\b",5.14,"#DDA63A"
2,"wild","\b(\d*)wild(\d*)\b",5.08,"#DDA63A"
2,"agri environmental","\b(\d*)agri environmental(\d*)\b",4.92,"#DDA63A"
2,"herders","\b(\d*)herders(\d*)\b",4.91,"#DDA63A"
2,"cover crops","\b(\d*)cover crops(\d*)\b",4.91,"#DDA63A"
2,"supplemental nutrition","\b(\d*)supplemental nutrition(\d*)\b",4.79,"#DDA63A"
2,"germplasm","\b(\d*)germplasm(\d*)\b",4.77,"#DDA63A"
2,"resistant","\b(\d*)resistant(\d*)\b",4.7,"#DDA63A"
2,"wic","\b(\d*)wic(\d*)\b",4.68,"#DDA63A"
2,"resistant cultivars","\b(\d*)resistant cultivars(\d*)\b",4.61,"#DDA63A"
2,"famine","\b(\d*)famine(\d*)\b",4.57,"#DDA63A"
2,"enemy","\b(\d*)enemy(\d*)\b",4.53,"#DDA63A"
2,"organic conventional","\b(\d*)organic conventional(\d*)\b",4.53,"#DDA63A"
2,"precision farming","\b(\d*)precision farming(\d*)\b",4.49,"#DDA63A"
2,"parasitoid","\b(\d*)parasitoid(\d*)\b",4.48,"#DDA63A"
2,"pest","\b(\d*)pest(\d*)\b",4.46,"#DDA63A"
2,"biocontrol agents","\b(\d*)biocontrol agents(\d*)\b",4.41,"#DDA63A"
2,"genetic resource","\b(\d*)genetic resource(\d*)\b",4.4,"#DDA63A"
2,"investments","\b(\d*)investments(\d*)\b",4.39,"#DDA63A"
2,"farms","\b(\d*)farms(\d*)\b",4.32,"#DDA63A"
2,"varieties","\b(\d*)varieties(\d*)\b",4.31,"#DDA63A"
2,"sequestration","\b(\d*)sequestration(\d*)\b",4.24,"#DDA63A"
2,"reflectance","\b(\d*)reflectance(\d*)\b",4.2,"#DDA63A"
2,"crops","\b(\d*)crops(\d*)\b",4.15,"#DDA63A"
2,"agribusiness","\b(\d*)agribusiness(\d*)\b",4.13,"#DDA63A"
2,"insect science","\b(\d*)insect science(\d*)\b",4.07,"#DDA63A"
2,"hunger","\b(\d*)hunger(\d*)\b",4.05,"#DDA63A"
2,"hymenoptera","\b(\d*)hymenoptera(\d*)\b",4.03,"#DDA63A"
2,"ipm","\b(\d*)ipm(\d*)\b",4,"#DDA63A"
2,"landraces","\b(\d*)landraces(\d*)\b",3.98,"#DDA63A"
2,"cropping","\b(\d*)cropping(\d*)\b",3.95,"#DDA63A"
2,"insect","\b(\d*)insect(\d*)\b",3.94,"#DDA63A"
2,"accessions","\b(\d*)accessions(\d*)\b",3.94,"#DDA63A"
2,"ndvi","\b(\d*)ndvi(\d*)\b",3.9,"#DDA63A"
2,"tillage","\b(\d*)tillage(\d*)\b",3.87,"#DDA63A"
2,"pastoralists","\b(\d*)pastoralists(\d*)\b",3.81,"#DDA63A"
2,"reduced tillage","\b(\d*)reduced tillage(\d*)\b",3.78,"#DDA63A"
2,"rotation","\b(\d*)rotation(\d*)\b",3.78,"#DDA63A"
2,"small scale","\b(\d*)small scale(\d*)\b",3.78,"#DDA63A"
2,"cultivars","\b(\d*)cultivars(\d*)\b",3.77,"#DDA63A"
2,"resistant cultivar","\b(\d*)resistant cultivar(\d*)\b",3.75,"#DDA63A"
2,"resistance","\b(\d*)resistance(\d*)\b",3.68,"#DDA63A"
2,"farmland","\b(\d*)farmland(\d*)\b",3.68,"#DDA63A"
2,"agroecological","\b(\d*)agroecological(\d*)\b",3.65,"#DDA63A"
2,"rural","\b(\d*)rural(\d*)\b",3.6,"#DDA63A"
2,"breeds","\b(\d*)breeds(\d*)\b",3.57,"#DDA63A"
3,"cancer","\b(\d*)cancer(\d*)\b",34.93,"#4C9F38"
3,"aids","\b(\d*)aids(\d*)\b",24.52,"#4C9F38"
3,"stroke","\b(\d*)stroke(\d*)\b",24.36,"#4C9F38"
3,"diabetes","\b(\d*)diabetes(\d*)\b",19.37,"#4C9F38"
3,"obesity","\b(\d*)obesity(\d*)\b",18.78,"#4C9F38"
3,"hiv","\b(\d*)hiv(\d*)\b",14.8,"#4C9F38"
3,"suicide","\b(\d*)suicide(\d*)\b",14.6,"#4C9F38"
3,"asthma","\b(\d*)asthma(\d*)\b",12.97,"#4C9F38"
3,"carcinoma","\b(\d*)carcinoma(\d*)\b",12.74,"#4C9F38"
3,"tuberculosis","\b(\d*)tuberculosis(\d*)\b",11.84,"#4C9F38"
3,"malaria","\b(\d*)malaria(\d*)\b",11.27,"#4C9F38"
3,"hepatitis","\b(\d*)hepatitis(\d*)\b",11.08,"#4C9F38"
3,"pneumonia","\b(\d*)pneumonia(\d*)\b",10.94,"#4C9F38"
3,"anticancer","\b(\d*)anticancer(\d*)\b",10.51,"#4C9F38"
3,"influenza","\b(\d*)influenza(\d*)\b",9.87,"#4C9F38"
3,"heart disease","\b(\d*)heart disease(\d*)\b",9.66,"#4C9F38"
3,"leukemia","\b(\d*)leukemia(\d*)\b",8.93,"#4C9F38"
3,"strokes","\b(\d*)strokes(\d*)\b",8.72,"#4C9F38"
3,"cancers","\b(\d*)cancers(\d*)\b",8.59,"#4C9F38"
3,"melanoma","\b(\d*)melanoma(\d*)\b",7.56,"#4C9F38"
3,"lymphoma","\b(\d*)lymphoma(\d*)\b",7.56,"#4C9F38"
3,"substance abuse","\b(\d*)substance abuse(\d*)\b",7.48,"#4C9F38"
3,"environmental health","\b(\d*)environmental health(\d*)\b",7.27,"#4C9F38"
3,"collision","\b(\d*)collision(\d*)\b",6.81,"#4C9F38"
3,"diseases","\b(\d*)diseases(\d*)\b",6.76,"#4C9F38"
3,"mrsa","\b(\d*)mrsa(\d*)\b",6.74,"#4C9F38"
3,"sars","\b(\d*)sars(\d*)\b",6.74,"#4C9F38"
3,"dengue","\b(\d*)dengue(\d*)\b",6.73,"#4C9F38"
3,"epidemic","\b(\d*)epidemic(\d*)\b",6.72,"#4C9F38"
3,"midwives","\b(\d*)midwives(\d*)\b",6.69,"#4C9F38"
3,"contraceptive","\b(\d*)contraceptive(\d*)\b",6.52,"#4C9F38"
3,"kidney disease","\b(\d*)kidney disease(\d*)\b",6.29,"#4C9F38"
3,"cardiovascular diseases","\b(\d*)cardiovascular diseases(\d*)\b",6.29,"#4C9F38"
3,"diabetic","\b(\d*)diabetic(\d*)\b",6.27,"#4C9F38"
3,"alcoholism","\b(\d*)alcoholism(\d*)\b",6.18,"#4C9F38"
3,"cholera","\b(\d*)cholera(\d*)\b",5.99,"#4C9F38"
3,"abuse","\b(\d*)abuse(\d*)\b",5.98,"#4C9F38"
3,"obese","\b(\d*)obese(\d*)\b",5.64,"#4C9F38"
3,"rotavirus","\b(\d*)rotavirus(\d*)\b",5.62,"#4C9F38"
3,"crash","\b(\d*)crash(\d*)\b",5.6,"#4C9F38"
3,"avoidance","\b(\d*)avoidance(\d*)\b",5.59,"#4C9F38"
3,"tumor","\b(\d*)tumor(\d*)\b",5.51,"#4C9F38"
3,"substance","\b(\d*)substance(\d*)\b",5.42,"#4C9F38"
3,"disease","\b(\d*)disease(\d*)\b",5.12,"#4C9F38"
3,"leprosy","\b(\d*)leprosy(\d*)\b",5.1,"#4C9F38"
3,"sarcoma","\b(\d*)sarcoma(\d*)\b",5.01,"#4C9F38"
3,"use disorders","\b(\d*)use disorders(\d*)\b",4.96,"#4C9F38"
3,"midwifery","\b(\d*)midwifery(\d*)\b",4.9,"#4C9F38"
3,"contraception","\b(\d*)contraception(\d*)\b",4.87,"#4C9F38"
3,"rabies","\b(\d*)rabies(\d*)\b",4.84,"#4C9F38"
3,"dependence","\b(\d*)dependence(\d*)\b",4.76,"#4C9F38"
3,"artery disease","\b(\d*)artery disease(\d*)\b",4.72,"#4C9F38"
3,"addiction","\b(\d*)addiction(\d*)\b",4.66,"#4C9F38"
3,"cystic fibrosis","\b(\d*)cystic fibrosis(\d*)\b",4.64,"#4C9F38"
3,"tetanus","\b(\d*)tetanus(\d*)\b",4.62,"#4C9F38"
3,"neuroblastoma","\b(\d*)neuroblastoma(\d*)\b",4.61,"#4C9F38"
3,"oncology","\b(\d*)oncology(\d*)\b",4.6,"#4C9F38"
3,"human health","\b(\d*)human health(\d*)\b",4.58,"#4C9F38"
3,"heart","\b(\d*)heart(\d*)\b",4.52,"#4C9F38"
3,"health","\b(\d*)health(\d*)\b",4.49,"#4C9F38"
3,"driver","\b(\d*)driver(\d*)\b",4.38,"#4C9F38"
3,"influenzae","\b(\d*)influenzae(\d*)\b",4.32,"#4C9F38"
3,"drug","\b(\d*)drug(\d*)\b",4.32,"#4C9F38"
3,"diabetes mellitus","\b(\d*)diabetes mellitus(\d*)\b",4.32,"#4C9F38"
3,"coronary","\b(\d*)coronary(\d*)\b",4.31,"#4C9F38"
3,"mellitus","\b(\d*)mellitus(\d*)\b",4.3,"#4C9F38"
3,"tb","\b(\d*)tb(\d*)\b",4.29,"#4C9F38"
3,"syphilis","\b(\d*)syphilis(\d*)\b",4.27,"#4C9F38"
3,"pertussis","\b(\d*)pertussis(\d*)\b",4.23,"#4C9F38"
3,"contraceptives","\b(\d*)contraceptives(\d*)\b",4.2,"#4C9F38"
3,"measles","\b(\d*)measles(\d*)\b",4.18,"#4C9F38"
3,"pulmonary","\b(\d*)pulmonary(\d*)\b",4.17,"#4C9F38"
3,"type diabetes","\b(\d*)type diabetes(\d*)\b",4.14,"#4C9F38"
3,"breast","\b(\d*)breast(\d*)\b",4.13,"#4C9F38"
3,"miscarriage","\b(\d*)miscarriage(\d*)\b",4.13,"#4C9F38"
3,"antimalarial","\b(\d*)antimalarial(\d*)\b",4.09,"#4C9F38"
3,"hcv","\b(\d*)hcv(\d*)\b",4.08,"#4C9F38"
3,"suicidal","\b(\d*)suicidal(\d*)\b",3.94,"#4C9F38"
3,"breast cancer","\b(\d*)breast cancer(\d*)\b",3.94,"#4C9F38"
3,"virus","\b(\d*)virus(\d*)\b",3.92,"#4C9F38"
3,"alcohol","\b(\d*)alcohol(\d*)\b",3.8,"#4C9F38"
3,"tumors","\b(\d*)tumors(\d*)\b",3.77,"#4C9F38"
3,"accident","\b(\d*)accident(\d*)\b",3.75,"#4C9F38"
3,"cardiovascular","\b(\d*)cardiovascular(\d*)\b",3.74,"#4C9F38"
3,"lung disease","\b(\d*)lung disease(\d*)\b",3.68,"#4C9F38"
3,"cerebrovascular","\b(\d*)cerebrovascular(\d*)\b",3.65,"#4C9F38"
3,"women","\b(\d*)women(\d*)\b",3.63,"#4C9F38"
3,"cystic","\b(\d*)cystic(\d*)\b",3.63,"#4C9F38"
3,"overweight","\b(\d*)overweight(\d*)\b",3.62,"#4C9F38"
3,"osteosarcoma","\b(\d*)osteosarcoma(\d*)\b",3.61,"#4C9F38"
3,"respiratory","\b(\d*)respiratory(\d*)\b",3.61,"#4C9F38"
3,"pesticide","\b(\d*)pesticide(\d*)\b",3.58,"#4C9F38"
3,"pesticides","\b(\d*)pesticides(\d*)\b",3.57,"#4C9F38"
3,"drinking","\b(\d*)drinking(\d*)\b",3.57,"#4C9F38"
3,"motor vehicle","\b(\d*)motor vehicle(\d*)\b",3.56,"#4C9F38"
3,"lung","\b(\d*)lung(\d*)\b",3.55,"#4C9F38"
3,"medicine abstract","\b(\d*)medicine abstract(\d*)\b",3.54,"#4C9F38"
3,"prostate","\b(\d*)prostate(\d*)\b",3.53,"#4C9F38"
3,"antenatal","\b(\d*)antenatal(\d*)\b",3.51,"#4C9F38"
3,"malignant","\b(\d*)malignant(\d*)\b",3.48,"#4C9F38"
4,"trainees","\b(\d*)trainees(\d*)\b",15.11,"#C5192D"
4,"apprenticeship","\b(\d*)apprenticeship(\d*)\b",13.77,"#C5192D"
4,"professional training","\b(\d*)professional training(\d*)\b",13.25,"#C5192D"
4,"educational needs","\b(\d*)educational needs(\d*)\b",13.16,"#C5192D"
4,"distance learning","\b(\d*)distance learning(\d*)\b",11.81,"#C5192D"
4,"educational strategies","\b(\d*)educational strategies(\d*)\b",11.5,"#C5192D"
4,"school environment","\b(\d*)school environment(\d*)\b",11.34,"#C5192D"
4,"trainee","\b(\d*)trainee(\d*)\b",10.81,"#C5192D"
4,"professional education","\b(\d*)professional education(\d*)\b",10.8,"#C5192D"
4,"special education","\b(\d*)special education(\d*)\b",10.64,"#C5192D"
4,"education","\b(\d*)education(\d*)\b",10.31,"#C5192D"
4,"reading","\b(\d*)reading(\d*)\b",9.15,"#C5192D"
4,"academic performance","\b(\d*)academic performance(\d*)\b",8.81,"#C5192D"
4,"distance education","\b(\d*)distance education(\d*)\b",8.63,"#C5192D"
4,"education needs","\b(\d*)education needs(\d*)\b",8.53,"#C5192D"
4,"school buildings","\b(\d*)school buildings(\d*)\b",8.43,"#C5192D"
4,"practical training","\b(\d*)practical training(\d*)\b",8.41,"#C5192D"
4,"education reform","\b(\d*)education reform(\d*)\b",8.37,"#C5192D"
4,"educational","\b(\d*)educational(\d*)\b",8.15,"#C5192D"
4,"humanistic","\b(\d*)humanistic(\d*)\b",8.1,"#C5192D"
4,"learning","\b(\d*)learning(\d*)\b",7.92,"#C5192D"
4,"vocational training","\b(\d*)vocational training(\d*)\b",7.84,"#C5192D"
4,"educational reform","\b(\d*)educational reform(\d*)\b",7.62,"#C5192D"
4,"distance","\b(\d*)distance(\d*)\b",7.31,"#C5192D"
4,"social responsibility","\b(\d*)social responsibility(\d*)\b",7.26,"#C5192D"
4,"school","\b(\d*)school(\d*)\b",7.02,"#C5192D"
4,"internship","\b(\d*)internship(\d*)\b",7,"#C5192D"
4,"skills","\b(\d*)skills(\d*)\b",6.98,"#C5192D"
4,"citizenship education","\b(\d*)citizenship education(\d*)\b",6.87,"#C5192D"
4,"school attendance","\b(\d*)school attendance(\d*)\b",6.84,"#C5192D"
4,"school achievement","\b(\d*)school achievement(\d*)\b",6.68,"#C5192D"
4,"soft skills","\b(\d*)soft skills(\d*)\b",6.59,"#C5192D"
4,"reading comprehension","\b(\d*)reading comprehension(\d*)\b",6.56,"#C5192D"
4,"technical education","\b(\d*)technical education(\d*)\b",6.49,"#C5192D"
4,"teaching quality","\b(\d*)teaching quality(\d*)\b",6.45,"#C5192D"
4,"achievement","\b(\d*)achievement(\d*)\b",6.23,"#C5192D"
4,"learning activities","\b(\d*)learning activities(\d*)\b",6.2,"#C5192D"
4,"training","\b(\d*)training(\d*)\b",6.08,"#C5192D"
4,"education quality","\b(\d*)education quality(\d*)\b",6.03,"#C5192D"
4,"phonological","\b(\d*)phonological(\d*)\b",6.02,"#C5192D"
4,"writing skills","\b(\d*)writing skills(\d*)\b",5.93,"#C5192D"
4,"learning systems","\b(\d*)learning systems(\d*)\b",5.85,"#C5192D"
4,"qualifications","\b(\d*)qualifications(\d*)\b",5.59,"#C5192D"
4,"sustainable development","\b(\d*)sustainable development(\d*)\b",5.48,"#C5192D"
4,"comprehension","\b(\d*)comprehension(\d*)\b",5.46,"#C5192D"
4,"learning environment","\b(\d*)learning environment(\d*)\b",5.35,"#C5192D"
4,"quality teaching","\b(\d*)quality teaching(\d*)\b",5.24,"#C5192D"
4,"active learning","\b(\d*)active learning(\d*)\b",5.18,"#C5192D"
4,"student learning","\b(\d*)student learning(\d*)\b",5.15,"#C5192D"
4,"humanist","\b(\d*)humanist(\d*)\b",5.11,"#C5192D"
4,"employment","\b(\d*)employment(\d*)\b",5.1,"#C5192D"
4,"teaching","\b(\d*)teaching(\d*)\b",5.07,"#C5192D"
4,"literacy development","\b(\d*)literacy development(\d*)\b",4.96,"#C5192D"
4,"sustainability","\b(\d*)sustainability(\d*)\b",4.94,"#C5192D"
4,"career development","\b(\d*)career development(\d*)\b",4.85,"#C5192D"
4,"humanism","\b(\d*)humanism(\d*)\b",4.81,"#C5192D"
4,"professional","\b(\d*)professional(\d*)\b",4.74,"#C5192D"
4,"elearning","\b(\d*)elearning(\d*)\b",4.72,"#C5192D"
4,"academic achievement","\b(\d*)academic achievement(\d*)\b",4.67,"#C5192D"
4,"segregated","\b(\d*)segregated(\d*)\b",4.67,"#C5192D"
4,"dropout","\b(\d*)dropout(\d*)\b",4.58,"#C5192D"
4,"special","\b(\d*)special(\d*)\b",4.57,"#C5192D"
4,"professional competence","\b(\d*)professional competence(\d*)\b",4.52,"#C5192D"
4,"mathematical skills","\b(\d*)mathematical skills(\d*)\b",4.43,"#C5192D"
4,"student achievement","\b(\d*)student achievement(\d*)\b",4.25,"#C5192D"
4,"academic","\b(\d*)academic(\d*)\b",4.24,"#C5192D"
4,"learning disabilities","\b(\d*)learning disabilities(\d*)\b",4.2,"#C5192D"
4,"career","\b(\d*)career(\d*)\b",4.17,"#C5192D"
4,"students","\b(\d*)students(\d*)\b",4.15,"#C5192D"
4,"employability","\b(\d*)employability(\d*)\b",4.09,"#C5192D"
4,"reform","\b(\d*)reform(\d*)\b",4.06,"#C5192D"
4,"learning environments","\b(\d*)learning environments(\d*)\b",4.05,"#C5192D"
4,"multimedia","\b(\d*)multimedia(\d*)\b",4.01,"#C5192D"
4,"writing","\b(\d*)writing(\d*)\b",3.99,"#C5192D"
4,"learning activity","\b(\d*)learning activity(\d*)\b",3.96,"#C5192D"
4,"segregation","\b(\d*)segregation(\d*)\b",3.93,"#C5192D"
4,"schools","\b(\d*)schools(\d*)\b",3.92,"#C5192D"
4,"speech sound","\b(\d*)speech sound(\d*)\b",3.86,"#C5192D"
4,"buildings","\b(\d*)buildings(\d*)\b",3.86,"#C5192D"
4,"effectiveness","\b(\d*)effectiveness(\d*)\b",3.83,"#C5192D"
4,"graduates","\b(\d*)graduates(\d*)\b",3.81,"#C5192D"
4,"qualification","\b(\d*)qualification(\d*)\b",3.72,"#C5192D"
4,"dyslexia","\b(\d*)dyslexia(\d*)\b",3.65,"#C5192D"
4,"teacher quality","\b(\d*)teacher quality(\d*)\b",3.64,"#C5192D"
4,"vocational","\b(\d*)vocational(\d*)\b",3.62,"#C5192D"
4,"teaching effectiveness","\b(\d*)teaching effectiveness(\d*)\b",3.61,"#C5192D"
4,"better","\b(\d*)better(\d*)\b",3.59,"#C5192D"
4,"needs","\b(\d*)needs(\d*)\b",3.59,"#C5192D"
4,"virtual learning","\b(\d*)virtual learning(\d*)\b",3.59,"#C5192D"
4,"employers","\b(\d*)employers(\d*)\b",3.55,"#C5192D"
4,"building","\b(\d*)building(\d*)\b",3.52,"#C5192D"
4,"learning platform","\b(\d*)learning platform(\d*)\b",3.45,"#C5192D"
4,"enrollment","\b(\d*)enrollment(\d*)\b",3.44,"#C5192D"
4,"children","\b(\d*)children(\d*)\b",3.43,"#C5192D"
4,"sustainable","\b(\d*)sustainable(\d*)\b",3.38,"#C5192D"
4,"learning gains","\b(\d*)learning gains(\d*)\b",3.37,"#C5192D"
4,"classrooms","\b(\d*)classrooms(\d*)\b",3.34,"#C5192D"
4,"skill","\b(\d*)skill(\d*)\b",3.34,"#C5192D"
4,"attendance","\b(\d*)attendance(\d*)\b",3.34,"#C5192D"
4,"university","\b(\d*)university(\d*)\b",3.33,"#C5192D"
5,"gender","\b(\d*)gender(\d*)\b",16.62,"#FF3A21"
5,"std","\b(\d*)std(\d*)\b",15.3,"#FF3A21"
5,"women","\b(\d*)women(\d*)\b",12.87,"#FF3A21"
5,"sexism","\b(\d*)sexism(\d*)\b",11.73,"#FF3A21"
5,"feminist","\b(\d*)feminist(\d*)\b",10.86,"#FF3A21"
5,"aggression","\b(\d*)aggression(\d*)\b",10.35,"#FF3A21"
5,"marginalized","\b(\d*)marginalized(\d*)\b",9.28,"#FF3A21"
5,"gender issues","\b(\d*)gender issues(\d*)\b",8.91,"#FF3A21"
5,"sexual risk","\b(\d*)sexual risk(\d*)\b",8.81,"#FF3A21"
5,"hypersexuality","\b(\d*)hypersexuality(\d*)\b",8.32,"#FF3A21"
5,"gender gap","\b(\d*)gender gap(\d*)\b",7.96,"#FF3A21"
5,"female","\b(\d*)female(\d*)\b",7.93,"#FF3A21"
5,"gender bias","\b(\d*)gender bias(\d*)\b",7.35,"#FF3A21"
5,"status women","\b(\d*)status women(\d*)\b",7.19,"#FF3A21"
5,"misogyny","\b(\d*)misogyny(\d*)\b",6.95,"#FF3A21"
5,"feminist theory","\b(\d*)feminist theory(\d*)\b",6.92,"#FF3A21"
5,"condom","\b(\d*)condom(\d*)\b",6.62,"#FF3A21"
5,"marginalization","\b(\d*)marginalization(\d*)\b",6.54,"#FF3A21"
5,"feminism","\b(\d*)feminism(\d*)\b",6.39,"#FF3A21"
5,"transmission","\b(\d*)transmission(\d*)\b",6.26,"#FF3A21"
5,"paid work","\b(\d*)paid work(\d*)\b",6.02,"#FF3A21"
5,"gap","\b(\d*)gap(\d*)\b",5.87,"#FF3A21"
5,"sexually transmitted","\b(\d*)sexually transmitted(\d*)\b",5.85,"#FF3A21"
5,"hegemonic","\b(\d*)hegemonic(\d*)\b",5.83,"#FF3A21"
5,"women rights","\b(\d*)women rights(\d*)\b",5.75,"#FF3A21"
5,"condom use","\b(\d*)condom use(\d*)\b",5.62,"#FF3A21"
5,"woman","\b(\d*)woman(\d*)\b",5.23,"#FF3A21"
5,"sexual","\b(\d*)sexual(\d*)\b",5.17,"#FF3A21"
5,"empowerment","\b(\d*)empowerment(\d*)\b",5.03,"#FF3A21"
5,"bias","\b(\d*)bias(\d*)\b",4.93,"#FF3A21"
5,"marginalised","\b(\d*)marginalised(\d*)\b",4.92,"#FF3A21"
5,"hypersexual","\b(\d*)hypersexual(\d*)\b",4.91,"#FF3A21"
5,"arranged","\b(\d*)arranged(\d*)\b",4.89,"#FF3A21"
5,"gendered","\b(\d*)gendered(\d*)\b",4.79,"#FF3A21"
5,"unintended","\b(\d*)unintended(\d*)\b",4.68,"#FF3A21"
5,"feminist perspective","\b(\d*)feminist perspective(\d*)\b",4.65,"#FF3A21"
5,"intersectionality","\b(\d*)intersectionality(\d*)\b",4.53,"#FF3A21"
5,"girls","\b(\d*)girls(\d*)\b",4.48,"#FF3A21"
5,"transmitted","\b(\d*)transmitted(\d*)\b",4.47,"#FF3A21"
5,"women movement","\b(\d*)women movement(\d*)\b",4.44,"#FF3A21"
5,"stereotypes","\b(\d*)stereotypes(\d*)\b",4.35,"#FF3A21"
5,"gender stereotypes","\b(\d*)gender stereotypes(\d*)\b",4.35,"#FF3A21"
5,"gender politics","\b(\d*)gender politics(\d*)\b",4.31,"#FF3A21"
5,"equality","\b(\d*)equality(\d*)\b",4.27,"#FF3A21"
5,"female managers","\b(\d*)female managers(\d*)\b",4.23,"#FF3A21"
5,"decision making","\b(\d*)decision making(\d*)\b",4.17,"#FF3A21"
5,"representation","\b(\d*)representation(\d*)\b",4.11,"#FF3A21"
5,"masculinity","\b(\d*)masculinity(\d*)\b",4.08,"#FF3A21"
5,"ieee","\b(\d*)ieee(\d*)\b",4.04,"#FF3A21"
5,"intersectional","\b(\d*)intersectional(\d*)\b",4.03,"#FF3A21"
5,"hegemonic masculinity","\b(\d*)hegemonic masculinity(\d*)\b",4.02,"#FF3A21"
5,"stalking","\b(\d*)stalking(\d*)\b",3.85,"#FF3A21"
5,"unpaid","\b(\d*)unpaid(\d*)\b",3.85,"#FF3A21"
5,"fertility","\b(\d*)fertility(\d*)\b",3.82,"#FF3A21"
5,"autonomy","\b(\d*)autonomy(\d*)\b",3.78,"#FF3A21"
5,"decision","\b(\d*)decision(\d*)\b",3.69,"#FF3A21"
5,"representation women","\b(\d*)representation women(\d*)\b",3.68,"#FF3A21"
5,"marginalisation","\b(\d*)marginalisation(\d*)\b",3.66,"#FF3A21"
5,"transmitted diseases","\b(\d*)transmitted diseases(\d*)\b",3.65,"#FF3A21"
5,"genital","\b(\d*)genital(\d*)\b",3.63,"#FF3A21"
5,"opportunities","\b(\d*)opportunities(\d*)\b",3.62,"#FF3A21"
5,"leave","\b(\d*)leave(\d*)\b",3.61,"#FF3A21"
5,"ownership","\b(\d*)ownership(\d*)\b",3.58,"#FF3A21"
5,"board","\b(\d*)board(\d*)\b",3.57,"#FF3A21"
5,"age gender","\b(\d*)age gender(\d*)\b",3.57,"#FF3A21"
5,"headed","\b(\d*)headed(\d*)\b",3.57,"#FF3A21"
5,"female genital","\b(\d*)female genital(\d*)\b",3.56,"#FF3A21"
5,"abortion","\b(\d*)abortion(\d*)\b",3.55,"#FF3A21"
5,"aggressive","\b(\d*)aggressive(\d*)\b",3.5,"#FF3A21"
5,"sex","\b(\d*)sex(\d*)\b",3.48,"#FF3A21"
5,"circumcision","\b(\d*)circumcision(\d*)\b",3.43,"#FF3A21"
5,"victims","\b(\d*)victims(\d*)\b",3.39,"#FF3A21"
5,"sexuality","\b(\d*)sexuality(\d*)\b",3.35,"#FF3A21"
5,"marriage","\b(\d*)marriage(\d*)\b",3.34,"#FF3A21"
5,"gender perspective","\b(\d*)gender perspective(\d*)\b",3.33,"#FF3A21"
5,"acceptance","\b(\d*)acceptance(\d*)\b",3.32,"#FF3A21"
5,"violence","\b(\d*)violence(\d*)\b",3.31,"#FF3A21"
5,"diversity","\b(\d*)diversity(\d*)\b",3.31,"#FF3A21"
5,"paid","\b(\d*)paid(\d*)\b",3.27,"#FF3A21"
5,"technology","\b(\d*)technology(\d*)\b",3.26,"#FF3A21"
5,"biased","\b(\d*)biased(\d*)\b",3.25,"#FF3A21"
5,"boys","\b(\d*)boys(\d*)\b",3.24,"#FF3A21"
5,"mother child","\b(\d*)mother child(\d*)\b",3.19,"#FF3A21"
5,"gender differences","\b(\d*)gender differences(\d*)\b",3.19,"#FF3A21"
5,"gender age","\b(\d*)gender age(\d*)\b",3.18,"#FF3A21"
5,"girl","\b(\d*)girl(\d*)\b",3.18,"#FF3A21"
5,"fgm","\b(\d*)fgm(\d*)\b",3.14,"#FF3A21"
5,"directors","\b(\d*)directors(\d*)\b",3.14,"#FF3A21"
5,"sexually","\b(\d*)sexually(\d*)\b",3.05,"#FF3A21"
5,"marriages","\b(\d*)marriages(\d*)\b",3.04,"#FF3A21"
5,"gender education","\b(\d*)gender education(\d*)\b",3.01,"#FF3A21"
5,"candidates","\b(\d*)candidates(\d*)\b",3,"#FF3A21"
5,"sexist","\b(\d*)sexist(\d*)\b",3,"#FF3A21"
5,"risk behaviors","\b(\d*)risk behaviors(\d*)\b",2.96,"#FF3A21"
5,"chlamydia","\b(\d*)chlamydia(\d*)\b",2.96,"#FF3A21"
5,"entrepreneurs","\b(\d*)entrepreneurs(\d*)\b",2.95,"#FF3A21"
5,"stereotype","\b(\d*)stereotype(\d*)\b",2.95,"#FF3A21"
5,"mil","\b(\d*)mil(\d*)\b",2.94,"#FF3A21"
5,"leadership","\b(\d*)leadership(\d*)\b",2.93,"#FF3A21"
5,"biases","\b(\d*)biases(\d*)\b",2.93,"#FF3A21"
6,"wastewater","\b(\d*)wastewater(\d*)\b",39.04,"#26BDE2"
6,"water management","\b(\d*)water management(\d*)\b",21.99,"#26BDE2"
6,"water quality","\b(\d*)water quality(\d*)\b",21.35,"#26BDE2"
6,"desalination","\b(\d*)desalination(\d*)\b",17.76,"#26BDE2"
6,"waste water","\b(\d*)waste water(\d*)\b",16.75,"#26BDE2"
6,"activated sludge","\b(\d*)activated sludge(\d*)\b",15.57,"#26BDE2"
6,"water pollution","\b(\d*)water pollution(\d*)\b",14.62,"#26BDE2"
6,"wastewaters","\b(\d*)wastewaters(\d*)\b",14.36,"#26BDE2"
6,"water","\b(\d*)water(\d*)\b",13.48,"#26BDE2"
6,"sanitation","\b(\d*)sanitation(\d*)\b",13.3,"#26BDE2"
6,"water treatment","\b(\d*)water treatment(\d*)\b",13.17,"#26BDE2"
6,"contaminated water","\b(\d*)contaminated water(\d*)\b",12.31,"#26BDE2"
6,"drinking water","\b(\d*)drinking water(\d*)\b",11.18,"#26BDE2"
6,"wastewater treatment","\b(\d*)wastewater treatment(\d*)\b",11.03,"#26BDE2"
6,"irrigation","\b(\d*)irrigation(\d*)\b",10.4,"#26BDE2"
6,"sewage treatment","\b(\d*)sewage treatment(\d*)\b",10.23,"#26BDE2"
6,"drinking","\b(\d*)drinking(\d*)\b",10.2,"#26BDE2"
6,"groundwater","\b(\d*)groundwater(\d*)\b",9.81,"#26BDE2"
6,"restoration","\b(\d*)restoration(\d*)\b",9.77,"#26BDE2"
6,"effluent","\b(\d*)effluent(\d*)\b",9.46,"#26BDE2"
6,"contamination","\b(\d*)contamination(\d*)\b",8.45,"#26BDE2"
6,"polluted water","\b(\d*)polluted water(\d*)\b",8.41,"#26BDE2"
6,"water contamination","\b(\d*)water contamination(\d*)\b",8.33,"#26BDE2"
6,"water supply","\b(\d*)water supply(\d*)\b",8.12,"#26BDE2"
6,"waste waters","\b(\d*)waste waters(\d*)\b",7.54,"#26BDE2"
6,"effluents","\b(\d*)effluents(\d*)\b",7.3,"#26BDE2"
6,"water scarcity","\b(\d*)water scarcity(\d*)\b",7.25,"#26BDE2"
6,"treatment","\b(\d*)treatment(\d*)\b",7.13,"#26BDE2"
6,"water saving","\b(\d*)water saving(\d*)\b",7.12,"#26BDE2"
6,"water productivity","\b(\d*)water productivity(\d*)\b",7.09,"#26BDE2"
6,"resources management","\b(\d*)resources management(\d*)\b",6.7,"#26BDE2"
6,"sewage","\b(\d*)sewage(\d*)\b",6.63,"#26BDE2"
6,"water resource","\b(\d*)water resource(\d*)\b",6.51,"#26BDE2"
6,"contaminated","\b(\d*)contaminated(\d*)\b",6.19,"#26BDE2"
6,"irrigation management","\b(\d*)irrigation management(\d*)\b",6.18,"#26BDE2"
6,"water framework","\b(\d*)water framework(\d*)\b",6.17,"#26BDE2"
6,"rehabilitation","\b(\d*)rehabilitation(\d*)\b",5.95,"#26BDE2"
6,"scarcity","\b(\d*)scarcity(\d*)\b",5.94,"#26BDE2"
6,"framework directive","\b(\d*)framework directive(\d*)\b",5.91,"#26BDE2"
6,"treatment plant","\b(\d*)treatment plant(\d*)\b",5.89,"#26BDE2"
6,"activated","\b(\d*)activated(\d*)\b",5.87,"#26BDE2"
6,"pollution","\b(\d*)pollution(\d*)\b",5.81,"#26BDE2"
6,"bottled","\b(\d*)bottled(\d*)\b",5.71,"#26BDE2"
6,"ground water","\b(\d*)ground water(\d*)\b",5.56,"#26BDE2"
6,"water resources","\b(\d*)water resources(\d*)\b",5.49,"#26BDE2"
6,"constructed wetlands","\b(\d*)constructed wetlands(\d*)\b",5.4,"#26BDE2"
6,"arsenic","\b(\d*)arsenic(\d*)\b",5.29,"#26BDE2"
6,"groundwater contamination","\b(\d*)groundwater contamination(\d*)\b",5.23,"#26BDE2"
6,"constructed wetland","\b(\d*)constructed wetland(\d*)\b",5.13,"#26BDE2"
6,"disinfection","\b(\d*)disinfection(\d*)\b",5.08,"#26BDE2"
6,"groundwater quality","\b(\d*)groundwater quality(\d*)\b",4.99,"#26BDE2"
6,"soil groundwater","\b(\d*)soil groundwater(\d*)\b",4.97,"#26BDE2"
6,"bottled water","\b(\d*)bottled water(\d*)\b",4.82,"#26BDE2"
6,"hygiene","\b(\d*)hygiene(\d*)\b",4.79,"#26BDE2"
6,"contaminated groundwater","\b(\d*)contaminated groundwater(\d*)\b",4.75,"#26BDE2"
6,"stormwater","\b(\d*)stormwater(\d*)\b",4.67,"#26BDE2"
6,"fluoride","\b(\d*)fluoride(\d*)\b",4.65,"#26BDE2"
6,"treatment plants","\b(\d*)treatment plants(\d*)\b",4.65,"#26BDE2"
6,"sewer","\b(\d*)sewer(\d*)\b",4.63,"#26BDE2"
6,"waters","\b(\d*)waters(\d*)\b",4.6,"#26BDE2"
6,"potable","\b(\d*)potable(\d*)\b",4.51,"#26BDE2"
6,"sequencing batch","\b(\d*)sequencing batch(\d*)\b",4.49,"#26BDE2"
6,"point source","\b(\d*)point source(\d*)\b",4.43,"#26BDE2"
6,"water distribution","\b(\d*)water distribution(\d*)\b",4.4,"#26BDE2"
6,"deficit irrigation","\b(\d*)deficit irrigation(\d*)\b",4.29,"#26BDE2"
6,"sludge","\b(\d*)sludge(\d*)\b",4.27,"#26BDE2"
6,"management","\b(\d*)management(\d*)\b",4.26,"#26BDE2"
6,"contaminant","\b(\d*)contaminant(\d*)\b",4.23,"#26BDE2"
6,"water allocation","\b(\d*)water allocation(\d*)\b",4.22,"#26BDE2"
6,"irrigation scheduling","\b(\d*)irrigation scheduling(\d*)\b",4.18,"#26BDE2"
6,"management water","\b(\d*)management water(\d*)\b",4.18,"#26BDE2"
6,"source pollution","\b(\d*)source pollution(\d*)\b",4.18,"#26BDE2"
6,"coagulation","\b(\d*)coagulation(\d*)\b",4.12,"#26BDE2"
6,"water disinfection","\b(\d*)water disinfection(\d*)\b",4.06,"#26BDE2"
6,"rainfed","\b(\d*)rainfed(\d*)\b",4.04,"#26BDE2"
6,"toilet","\b(\d*)toilet(\d*)\b",3.89,"#26BDE2"
6,"supply systems","\b(\d*)supply systems(\d*)\b",3.86,"#26BDE2"
6,"river","\b(\d*)river(\d*)\b",3.84,"#26BDE2"
6,"contaminants","\b(\d*)contaminants(\d*)\b",3.81,"#26BDE2"
6,"groundwater pollution","\b(\d*)groundwater pollution(\d*)\b",3.79,"#26BDE2"
6,"potable water","\b(\d*)potable water(\d*)\b",3.79,"#26BDE2"
6,"sanitary","\b(\d*)sanitary(\d*)\b",3.77,"#26BDE2"
6,"harvesting","\b(\d*)harvesting(\d*)\b",3.74,"#26BDE2"
6,"polluted","\b(\d*)polluted(\d*)\b",3.73,"#26BDE2"
6,"water desalination","\b(\d*)water desalination(\d*)\b",3.72,"#26BDE2"
6,"non point","\b(\d*)non point(\d*)\b",3.68,"#26BDE2"
6,"contamination water","\b(\d*)contamination water(\d*)\b",3.64,"#26BDE2"
6,"seawater desalination","\b(\d*)seawater desalination(\d*)\b",3.6,"#26BDE2"
6,"quality monitoring","\b(\d*)quality monitoring(\d*)\b",3.59,"#26BDE2"
6,"fluorosis","\b(\d*)fluorosis(\d*)\b",3.57,"#26BDE2"
6,"transboundary","\b(\d*)transboundary(\d*)\b",3.51,"#26BDE2"
6,"removal","\b(\d*)removal(\d*)\b",3.5,"#26BDE2"
6,"aquatic","\b(\d*)aquatic(\d*)\b",3.5,"#26BDE2"
6,"waste","\b(\d*)waste(\d*)\b",3.48,"#26BDE2"
6,"ecosystems","\b(\d*)ecosystems(\d*)\b",3.47,"#26BDE2"
6,"constructed","\b(\d*)constructed(\d*)\b",3.46,"#26BDE2"
6,"riparian","\b(\d*)riparian(\d*)\b",3.4,"#26BDE2"
6,"tmdl","\b(\d*)tmdl(\d*)\b",3.39,"#26BDE2"
6,"remediation","\b(\d*)remediation(\d*)\b",3.38,"#26BDE2"
6,"rainwater harvesting","\b(\d*)rainwater harvesting(\d*)\b",3.35,"#26BDE2"
7,"photovoltaic","\b(\d*)photovoltaic(\d*)\b",17.32,"#FCC30B"
7,"energy efficiency","\b(\d*)energy efficiency(\d*)\b",16.97,"#FCC30B"
7,"biodiesel","\b(\d*)biodiesel(\d*)\b",15.79,"#FCC30B"
7,"internet things","\b(\d*)internet things(\d*)\b",15.16,"#FCC30B"
7,"biofuel","\b(\d*)biofuel(\d*)\b",14.84,"#FCC30B"
7,"energy efficient","\b(\d*)energy efficient(\d*)\b",13.66,"#FCC30B"
7,"fuel cell","\b(\d*)fuel cell(\d*)\b",12.74,"#FCC30B"
7,"solar cells","\b(\d*)solar cells(\d*)\b",12.05,"#FCC30B"
7,"hydropower","\b(\d*)hydropower(\d*)\b",12.03,"#FCC30B"
7,"geothermal","\b(\d*)geothermal(\d*)\b",11.83,"#FCC30B"
7,"biofuels","\b(\d*)biofuels(\d*)\b",11.29,"#FCC30B"
7,"fuel cells","\b(\d*)fuel cells(\d*)\b",11.25,"#FCC30B"
7,"bioenergy","\b(\d*)bioenergy(\d*)\b",10.6,"#FCC30B"
7,"hydroelectric","\b(\d*)hydroelectric(\d*)\b",10.36,"#FCC30B"
7,"solar","\b(\d*)solar(\d*)\b",10.14,"#FCC30B"
7,"renewable energy","\b(\d*)renewable energy(\d*)\b",9.92,"#FCC30B"
7,"things","\b(\d*)things(\d*)\b",9.83,"#FCC30B"
7,"iter","\b(\d*)iter(\d*)\b",9.82,"#FCC30B"
7,"energy saving","\b(\d*)energy saving(\d*)\b",9.66,"#FCC30B"
7,"hydrogen evolution","\b(\d*)hydrogen evolution(\d*)\b",9.61,"#FCC30B"
7,"light emitting","\b(\d*)light emitting(\d*)\b",8.89,"#FCC30B"
7,"bioethanol","\b(\d*)bioethanol(\d*)\b",8.74,"#FCC30B"
7,"energy","\b(\d*)energy(\d*)\b",8.66,"#FCC30B"
7,"location based","\b(\d*)location based(\d*)\b",8.41,"#FCC30B"
7,"photovoltaics","\b(\d*)photovoltaics(\d*)\b",8.4,"#FCC30B"
7,"renewable","\b(\d*)renewable(\d*)\b",8.27,"#FCC30B"
7,"smart grid","\b(\d*)smart grid(\d*)\b",8.25,"#FCC30B"
7,"biomass","\b(\d*)biomass(\d*)\b",8.07,"#FCC30B"
7,"hydrogen","\b(\d*)hydrogen(\d*)\b",8.02,"#FCC30B"
7,"wind turbine","\b(\d*)wind turbine(\d*)\b",7.98,"#FCC30B"
7,"wind","\b(\d*)wind(\d*)\b",7.88,"#FCC30B"
7,"fusion","\b(\d*)fusion(\d*)\b",7.74,"#FCC30B"
7,"electric","\b(\d*)electric(\d*)\b",7.67,"#FCC30B"
7,"energy savings","\b(\d*)energy savings(\d*)\b",7.51,"#FCC30B"
7,"hydrogen storage","\b(\d*)hydrogen storage(\d*)\b",7.46,"#FCC30B"
7,"wireless ad","\b(\d*)wireless ad(\d*)\b",7.28,"#FCC30B"
7,"solar cell","\b(\d*)solar cell(\d*)\b",7.18,"#FCC30B"
7,"smart","\b(\d*)smart(\d*)\b",7.15,"#FCC30B"
7,"hvdc","\b(\d*)hvdc(\d*)\b",7.04,"#FCC30B"
7,"tokamak","\b(\d*)tokamak(\d*)\b",6.97,"#FCC30B"
7,"electric vehicle","\b(\d*)electric vehicle(\d*)\b",6.96,"#FCC30B"
7,"smart home","\b(\d*)smart home(\d*)\b",6.81,"#FCC30B"
7,"electric vehicles","\b(\d*)electric vehicles(\d*)\b",6.71,"#FCC30B"
7,"microgrid","\b(\d*)microgrid(\d*)\b",6.49,"#FCC30B"
7,"based services","\b(\d*)based services(\d*)\b",6.36,"#FCC30B"
7,"wind power","\b(\d*)wind power(\d*)\b",6.24,"#FCC30B"
7,"emitting","\b(\d*)emitting(\d*)\b",6.21,"#FCC30B"
7,"district heating","\b(\d*)district heating(\d*)\b",6.12,"#FCC30B"
7,"wind energy","\b(\d*)wind energy(\d*)\b",6.09,"#FCC30B"
7,"emitting diodes","\b(\d*)emitting diodes(\d*)\b",6.06,"#FCC30B"
7,"fuel","\b(\d*)fuel(\d*)\b",6.01,"#FCC30B"
7,"iot","\b(\d*)iot(\d*)\b",6,"#FCC30B"
7,"distributed generation","\b(\d*)distributed generation(\d*)\b",5.97,"#FCC30B"
7,"demand response","\b(\d*)demand response(\d*)\b",5.88,"#FCC30B"
7,"ion batteries","\b(\d*)ion batteries(\d*)\b",5.74,"#FCC30B"
7,"sofc","\b(\d*)sofc(\d*)\b",5.68,"#FCC30B"
7,"lithium ion","\b(\d*)lithium ion(\d*)\b",5.66,"#FCC30B"
7,"led","\b(\d*)led(\d*)\b",5.6,"#FCC30B"
7,"diodes","\b(\d*)diodes(\d*)\b",5.58,"#FCC30B"
7,"turbine","\b(\d*)turbine(\d*)\b",5.55,"#FCC30B"
7,"emitting diode","\b(\d*)emitting diode(\d*)\b",5.55,"#FCC30B"
7,"lithium","\b(\d*)lithium(\d*)\b",5.48,"#FCC30B"
7,"wind turbines","\b(\d*)wind turbines(\d*)\b",5.45,"#FCC30B"
7,"turbines","\b(\d*)turbines(\d*)\b",5.36,"#FCC30B"
7,"hydro","\b(\d*)hydro(\d*)\b",5.3,"#FCC30B"
7,"h2","\b(\d*)h2(\d*)\b",5.12,"#FCC30B"
7,"pv","\b(\d*)pv(\d*)\b",5.1,"#FCC30B"
7,"pyrolysis","\b(\d*)pyrolysis(\d*)\b",5.08,"#FCC30B"
7,"home","\b(\d*)home(\d*)\b",4.99,"#FCC30B"
7,"batteries","\b(\d*)batteries(\d*)\b",4.97,"#FCC30B"
7,"led light","\b(\d*)led light(\d*)\b",4.95,"#FCC30B"
7,"clean energy","\b(\d*)clean energy(\d*)\b",4.72,"#FCC30B"
7,"battery","\b(\d*)battery(\d*)\b",4.7,"#FCC30B"
7,"fuels","\b(\d*)fuels(\d*)\b",4.69,"#FCC30B"
7,"things iot","\b(\d*)things iot(\d*)\b",4.69,"#FCC30B"
7,"lamps","\b(\d*)lamps(\d*)\b",4.62,"#FCC30B"
7,"offshore wind","\b(\d*)offshore wind(\d*)\b",4.56,"#FCC30B"
7,"ethanol","\b(\d*)ethanol(\d*)\b",4.55,"#FCC30B"
7,"microgrids","\b(\d*)microgrids(\d*)\b",4.48,"#FCC30B"
7,"electric propulsion","\b(\d*)electric propulsion(\d*)\b",4.47,"#FCC30B"
7,"lamp","\b(\d*)lamp(\d*)\b",4.33,"#FCC30B"
7,"wind farm","\b(\d*)wind farm(\d*)\b",4.22,"#FCC30B"
7,"solar power","\b(\d*)solar power(\d*)\b",4.16,"#FCC30B"
7,"saving","\b(\d*)saving(\d*)\b",4.14,"#FCC30B"
7,"h2 evolution","\b(\d*)h2 evolution(\d*)\b",4.06,"#FCC30B"
7,"confinement fusion","\b(\d*)confinement fusion(\d*)\b",4.04,"#FCC30B"
7,"fast pyrolysis","\b(\d*)fast pyrolysis(\d*)\b",4.02,"#FCC30B"
7,"grid","\b(\d*)grid(\d*)\b",3.98,"#FCC30B"
7,"li","\b(\d*)li(\d*)\b",3.96,"#FCC30B"
7,"inertial confinement","\b(\d*)inertial confinement(\d*)\b",3.94,"#FCC30B"
7,"power","\b(\d*)power(\d*)\b",3.93,"#FCC30B"
7,"switchgrass","\b(\d*)switchgrass(\d*)\b",3.92,"#FCC30B"
7,"wave energy","\b(\d*)wave energy(\d*)\b",3.9,"#FCC30B"
7,"offshore","\b(\d*)offshore(\d*)\b",3.9,"#FCC30B"
7,"smart grids","\b(\d*)smart grids(\d*)\b",3.87,"#FCC30B"
7,"dam","\b(\d*)dam(\d*)\b",3.84,"#FCC30B"
7,"ion battery","\b(\d*)ion battery(\d*)\b",3.83,"#FCC30B"
7,"dg","\b(\d*)dg(\d*)\b",3.81,"#FCC30B"
7,"hydrothermal","\b(\d*)hydrothermal(\d*)\b",3.79,"#FCC30B"
7,"islanding","\b(\d*)islanding(\d*)\b",3.79,"#FCC30B"
8,"human capital","\b(\d*)human capital(\d*)\b",36.03,"#A21942"
8,"labor market","\b(\d*)labor market(\d*)\b",29.45,"#A21942"
8,"labour market","\b(\d*)labour market(\d*)\b",28.4,"#A21942"
8,"crop productivity","\b(\d*)crop productivity(\d*)\b",28.29,"#A21942"
8,"economic development","\b(\d*)economic development(\d*)\b",28.09,"#A21942"
8,"economic growth","\b(\d*)economic growth(\d*)\b",22.63,"#A21942"
8,"occupational safety","\b(\d*)occupational safety(\d*)\b",21.14,"#A21942"
8,"productivity","\b(\d*)productivity(\d*)\b",14.08,"#A21942"
8,"environmental economic","\b(\d*)environmental economic(\d*)\b",13.45,"#A21942"
8,"sustainable development","\b(\d*)sustainable development(\d*)\b",13.38,"#A21942"
8,"soil productivity","\b(\d*)soil productivity(\d*)\b",12.81,"#A21942"
8,"regional development","\b(\d*)regional development(\d*)\b",12.73,"#A21942"
8,"regional growth","\b(\d*)regional growth(\d*)\b",12.44,"#A21942"
8,"economies scale","\b(\d*)economies scale(\d*)\b",12.34,"#A21942"
8,"job search","\b(\d*)job search(\d*)\b",12.32,"#A21942"
8,"industrial policy","\b(\d*)industrial policy(\d*)\b",12.23,"#A21942"
8,"labor markets","\b(\d*)labor markets(\d*)\b",12.01,"#A21942"
8,"climate change","\b(\d*)climate change(\d*)\b",11.59,"#A21942"
8,"technological progress","\b(\d*)technological progress(\d*)\b",11.12,"#A21942"
8,"environmental impact","\b(\d*)environmental impact(\d*)\b",11.01,"#A21942"
8,"self employment","\b(\d*)self employment(\d*)\b",11.01,"#A21942"
8,"technological change","\b(\d*)technological change(\d*)\b",10.99,"#A21942"
8,"development policy","\b(\d*)development policy(\d*)\b",10.97,"#A21942"
8,"financial literacy","\b(\d*)financial literacy(\d*)\b",10.88,"#A21942"
8,"policy recommendations","\b(\d*)policy recommendations(\d*)\b",10.39,"#A21942"
8,"job insecurity","\b(\d*)job insecurity(\d*)\b",10.1,"#A21942"
8,"labor","\b(\d*)labor(\d*)\b",9.89,"#A21942"
8,"tourism","\b(\d*)tourism(\d*)\b",9.64,"#A21942"
8,"young workers","\b(\d*)young workers(\d*)\b",9.56,"#A21942"
8,"cultural tourism","\b(\d*)cultural tourism(\d*)\b",9.5,"#A21942"
8,"economic","\b(\d*)economic(\d*)\b",9.2,"#A21942"
8,"labor productivity","\b(\d*)labor productivity(\d*)\b",8.95,"#A21942"
8,"labor relations","\b(\d*)labor relations(\d*)\b",8.84,"#A21942"
8,"labour","\b(\d*)labour(\d*)\b",8.82,"#A21942"
8,"safety health","\b(\d*)safety health(\d*)\b",8.61,"#A21942"
8,"productivity growth","\b(\d*)productivity growth(\d*)\b",8.61,"#A21942"
8,"occupational","\b(\d*)occupational(\d*)\b",8.37,"#A21942"
8,"financial knowledge","\b(\d*)financial knowledge(\d*)\b",8.37,"#A21942"
8,"occupational injuries","\b(\d*)occupational injuries(\d*)\b",8.21,"#A21942"
8,"rapid economic","\b(\d*)rapid economic(\d*)\b",8.14,"#A21942"
8,"financial education","\b(\d*)financial education(\d*)\b",8.06,"#A21942"
8,"eco efficiency","\b(\d*)eco efficiency(\d*)\b",8.01,"#A21942"
8,"crop","\b(\d*)crop(\d*)\b",8,"#A21942"
8,"job creation","\b(\d*)job creation(\d*)\b",8,"#A21942"
8,"fintech","\b(\d*)fintech(\d*)\b",7.98,"#A21942"
8,"informal economy","\b(\d*)informal economy(\d*)\b",7.96,"#A21942"
8,"occupational injury","\b(\d*)occupational injury(\d*)\b",7.66,"#A21942"
8,"labour relations","\b(\d*)labour relations(\d*)\b",7.59,"#A21942"
8,"energy policy","\b(\d*)energy policy(\d*)\b",7.55,"#A21942"
8,"economics","\b(\d*)economics(\d*)\b",7.24,"#A21942"
8,"capital income","\b(\d*)capital income(\d*)\b",7.23,"#A21942"
8,"personal protective","\b(\d*)personal protective(\d*)\b",6.81,"#A21942"
8,"crop insurance","\b(\d*)crop insurance(\d*)\b",6.63,"#A21942"
8,"carbon economy","\b(\d*)carbon economy(\d*)\b",6.58,"#A21942"
8,"labour productivity","\b(\d*)labour productivity(\d*)\b",6.48,"#A21942"
8,"growth","\b(\d*)growth(\d*)\b",6.36,"#A21942"
8,"credit constraints","\b(\d*)credit constraints(\d*)\b",6.28,"#A21942"
8,"safe work","\b(\d*)safe work(\d*)\b",6.24,"#A21942"
8,"self employed","\b(\d*)self employed(\d*)\b",6.19,"#A21942"
8,"ecological economics","\b(\d*)ecological economics(\d*)\b",6.09,"#A21942"
8,"endogenous growth","\b(\d*)endogenous growth(\d*)\b",5.95,"#A21942"
8,"environmental regulations","\b(\d*)environmental regulations(\d*)\b",5.91,"#A21942"
8,"employment growth","\b(\d*)employment growth(\d*)\b",5.89,"#A21942"
8,"regional policy","\b(\d*)regional policy(\d*)\b",5.63,"#A21942"
8,"soldiers","\b(\d*)soldiers(\d*)\b",5.63,"#A21942"
8,"environmental","\b(\d*)environmental(\d*)\b",5.61,"#A21942"
8,"working environment","\b(\d*)working environment(\d*)\b",5.46,"#A21942"
8,"protective equipment","\b(\d*)protective equipment(\d*)\b",5.44,"#A21942"
8,"leaving","\b(\d*)leaving(\d*)\b",5.44,"#A21942"
8,"employment","\b(\d*)employment(\d*)\b",5.43,"#A21942"
8,"job","\b(\d*)job(\d*)\b",5.39,"#A21942"
8,"returns education","\b(\d*)returns education(\d*)\b",5.35,"#A21942"
8,"credit","\b(\d*)credit(\d*)\b",5.34,"#A21942"
8,"institute occupational","\b(\d*)institute occupational(\d*)\b",5.24,"#A21942"
8,"capita income","\b(\d*)capita income(\d*)\b",5.14,"#A21942"
8,"facilitation","\b(\d*)facilitation(\d*)\b",5.05,"#A21942"
8,"total factor","\b(\d*)total factor(\d*)\b",4.99,"#A21942"
8,"regional","\b(\d*)regional(\d*)\b",4.99,"#A21942"
8,"tfp","\b(\d*)tfp(\d*)\b",4.98,"#A21942"
8,"economical","\b(\d*)economical(\d*)\b",4.93,"#A21942"
8,"financial","\b(\d*)financial(\d*)\b",4.87,"#A21942"
8,"loans","\b(\d*)loans(\d*)\b",4.74,"#A21942"
8,"productivity shocks","\b(\d*)productivity shocks(\d*)\b",4.73,"#A21942"
8,"niosh","\b(\d*)niosh(\d*)\b",4.7,"#A21942"
8,"global warming","\b(\d*)global warming(\d*)\b",4.67,"#A21942"
8,"industrial","\b(\d*)industrial(\d*)\b",4.64,"#A21942"
8,"capital","\b(\d*)capital(\d*)\b",4.63,"#A21942"
8,"firm productivity","\b(\d*)firm productivity(\d*)\b",4.54,"#A21942"
8,"ilo","\b(\d*)ilo(\d*)\b",4.46,"#A21942"
8,"manufacturing","\b(\d*)manufacturing(\d*)\b",4.4,"#A21942"
8,"employment protection","\b(\d*)employment protection(\d*)\b",4.31,"#A21942"
8,"technological","\b(\d*)technological(\d*)\b",4.28,"#A21942"
8,"economic environmental","\b(\d*)economic environmental(\d*)\b",4.27,"#A21942"
8,"economically","\b(\d*)economically(\d*)\b",4.23,"#A21942"
8,"development","\b(\d*)development(\d*)\b",4.21,"#A21942"
8,"insecurity","\b(\d*)insecurity(\d*)\b",4.18,"#A21942"
8,"unemployment","\b(\d*)unemployment(\d*)\b",4.15,"#A21942"
8,"financial services","\b(\d*)financial services(\d*)\b",4.15,"#A21942"
8,"convergence","\b(\d*)convergence(\d*)\b",4.15,"#A21942"
8,"solow","\b(\d*)solow(\d*)\b",4.1,"#A21942"
9,"infrastructure","\b(\d*)infrastructure(\d*)\b",18.16,"#FD6925"
9,"manufacturing","\b(\d*)manufacturing(\d*)\b",17.76,"#FD6925"
9,"internet access","\b(\d*)internet access(\d*)\b",17.1,"#FD6925"
9,"industrial","\b(\d*)industrial(\d*)\b",15.46,"#FD6925"
9,"microfabrication","\b(\d*)microfabrication(\d*)\b",14.99,"#FD6925"
9,"prototyping","\b(\d*)prototyping(\d*)\b",14.57,"#FD6925"
9,"industry","\b(\d*)industry(\d*)\b",13.66,"#FD6925"
9,"innovative","\b(\d*)innovative(\d*)\b",13.35,"#FD6925"
9,"micromachining","\b(\d*)micromachining(\d*)\b",13.23,"#FD6925"
9,"nanofabrication","\b(\d*)nanofabrication(\d*)\b",13.1,"#FD6925"
9,"mobile users","\b(\d*)mobile users(\d*)\b",11.72,"#FD6925"
9,"research development","\b(\d*)research development(\d*)\b",11.48,"#FD6925"
9,"rapid prototyping","\b(\d*)rapid prototyping(\d*)\b",11.2,"#FD6925"
9,"access internet","\b(\d*)access internet(\d*)\b",10.95,"#FD6925"
9,"digital divide","\b(\d*)digital divide(\d*)\b",10.15,"#FD6925"
9,"innovation","\b(\d*)innovation(\d*)\b",10.15,"#FD6925"
9,"manufacturing technology","\b(\d*)manufacturing technology(\d*)\b",10.12,"#FD6925"
9,"infrastructure projects","\b(\d*)infrastructure projects(\d*)\b",9.43,"#FD6925"
9,"sustainable","\b(\d*)sustainable(\d*)\b",9.42,"#FD6925"
9,"employment","\b(\d*)employment(\d*)\b",9.41,"#FD6925"
9,"distributed control","\b(\d*)distributed control(\d*)\b",9.28,"#FD6925"
9,"technological capabilities","\b(\d*)technological capabilities(\d*)\b",9.13,"#FD6925"
9,"transport infrastructure","\b(\d*)transport infrastructure(\d*)\b",8.7,"#FD6925"
9,"machining","\b(\d*)machining(\d*)\b",8.63,"#FD6925"
9,"transportation infrastructure","\b(\d*)transportation infrastructure(\d*)\b",8.59,"#FD6925"
9,"web access","\b(\d*)web access(\d*)\b",8.57,"#FD6925"
9,"cnc","\b(\d*)cnc(\d*)\b",8.49,"#FD6925"
9,"new technologies","\b(\d*)new technologies(\d*)\b",7.85,"#FD6925"
9,"new technology","\b(\d*)new technology(\d*)\b",7.74,"#FD6925"
9,"industries","\b(\d*)industries(\d*)\b",7.57,"#FD6925"
9,"internet","\b(\d*)internet(\d*)\b",7.56,"#FD6925"
9,"internet service","\b(\d*)internet service(\d*)\b",7.55,"#FD6925"
9,"infrastructures","\b(\d*)infrastructures(\d*)\b",7.43,"#FD6925"
9,"product innovation","\b(\d*)product innovation(\d*)\b",7.24,"#FD6925"
9,"reverse logistics","\b(\d*)reverse logistics(\d*)\b",6.89,"#FD6925"
9,"process control","\b(\d*)process control(\d*)\b",6.82,"#FD6925"
9,"fabrication","\b(\d*)fabrication(\d*)\b",6.55,"#FD6925"
9,"laser cladding","\b(\d*)laser cladding(\d*)\b",6.41,"#FD6925"
9,"divide","\b(\d*)divide(\d*)\b",6.38,"#FD6925"
9,"cad cam","\b(\d*)cad cam(\d*)\b",6.38,"#FD6925"
9,"additive manufacturing","\b(\d*)additive manufacturing(\d*)\b",6.37,"#FD6925"
9,"industrial automation","\b(\d*)industrial automation(\d*)\b",6.32,"#FD6925"
9,"open innovation","\b(\d*)open innovation(\d*)\b",6.17,"#FD6925"
9,"broadband access","\b(\d*)broadband access(\d*)\b",6.08,"#FD6925"
9,"fabricated","\b(\d*)fabricated(\d*)\b",5.96,"#FD6925"
9,"infrastructure systems","\b(\d*)infrastructure systems(\d*)\b",5.94,"#FD6925"
9,"innovation systems","\b(\d*)innovation systems(\d*)\b",5.85,"#FD6925"
9,"lean production","\b(\d*)lean production(\d*)\b",5.76,"#FD6925"
9,"stereolithography","\b(\d*)stereolithography(\d*)\b",5.76,"#FD6925"
9,"university industry","\b(\d*)university industry(\d*)\b",5.71,"#FD6925"
9,"access","\b(\d*)access(\d*)\b",5.65,"#FD6925"
9,"virtual prototyping","\b(\d*)virtual prototyping(\d*)\b",5.64,"#FD6925"
9,"web accessibility","\b(\d*)web accessibility(\d*)\b",5.63,"#FD6925"
9,"eco friendly","\b(\d*)eco friendly(\d*)\b",5.49,"#FD6925"
9,"scada","\b(\d*)scada(\d*)\b",5.48,"#FD6925"
9,"micromachined","\b(\d*)micromachined(\d*)\b",5.36,"#FD6925"
9,"emissions","\b(\d*)emissions(\d*)\b",5.34,"#FD6925"
9,"flexible manufacturing","\b(\d*)flexible manufacturing(\d*)\b",5.29,"#FD6925"
9,"manufacturing technologies","\b(\d*)manufacturing technologies(\d*)\b",5.18,"#FD6925"
9,"manufactured","\b(\d*)manufactured(\d*)\b",5.15,"#FD6925"
9,"microfabricated","\b(\d*)microfabricated(\d*)\b",5.01,"#FD6925"
9,"industrial control","\b(\d*)industrial control(\d*)\b",5,"#FD6925"
9,"financing","\b(\d*)financing(\d*)\b",4.97,"#FD6925"
9,"industrial robot","\b(\d*)industrial robot(\d*)\b",4.96,"#FD6925"
9,"broadband","\b(\d*)broadband(\d*)\b",4.94,"#FD6925"
9,"emission","\b(\d*)emission(\d*)\b",4.91,"#FD6925"
9,"laser sintering","\b(\d*)laser sintering(\d*)\b",4.91,"#FD6925"
9,"telecommunications","\b(\d*)telecommunications(\d*)\b",4.87,"#FD6925"
9,"cladding","\b(\d*)cladding(\d*)\b",4.79,"#FD6925"
9,"edm","\b(\d*)edm(\d*)\b",4.79,"#FD6925"
9,"discharge machining","\b(\d*)discharge machining(\d*)\b",4.73,"#FD6925"
9,"technological development","\b(\d*)technological development(\d*)\b",4.7,"#FD6925"
9,"cad","\b(\d*)cad(\d*)\b",4.68,"#FD6925"
9,"manufacture","\b(\d*)manufacture(\d*)\b",4.68,"#FD6925"
9,"additive","\b(\d*)additive(\d*)\b",4.62,"#FD6925"
9,"selective laser","\b(\d*)selective laser(\d*)\b",4.61,"#FD6925"
9,"factory","\b(\d*)factory(\d*)\b",4.61,"#FD6925"
9,"robotic","\b(\d*)robotic(\d*)\b",4.54,"#FD6925"
9,"micro fabrication","\b(\d*)micro fabrication(\d*)\b",4.52,"#FD6925"
9,"access information","\b(\d*)access information(\d*)\b",4.49,"#FD6925"
9,"energy conservation","\b(\d*)energy conservation(\d*)\b",4.46,"#FD6925"
9,"automation","\b(\d*)automation(\d*)\b",4.38,"#FD6925"
9,"mixed model","\b(\d*)mixed model(\d*)\b",4.33,"#FD6925"
9,"technological","\b(\d*)technological(\d*)\b",4.24,"#FD6925"
9,"industrialization","\b(\d*)industrialization(\d*)\b",4.17,"#FD6925"
9,"broadband wireless","\b(\d*)broadband wireless(\d*)\b",4.14,"#FD6925"
9,"lean","\b(\d*)lean(\d*)\b",4.14,"#FD6925"
9,"industrial robots","\b(\d*)industrial robots(\d*)\b",4.04,"#FD6925"
9,"investment","\b(\d*)investment(\d*)\b",3.97,"#FD6925"
9,"retrofit","\b(\d*)retrofit(\d*)\b",3.83,"#FD6925"
9,"advanced manufacturing","\b(\d*)advanced manufacturing(\d*)\b",3.83,"#FD6925"
9,"technology","\b(\d*)technology(\d*)\b",3.78,"#FD6925"
9,"pharmaceutical","\b(\d*)pharmaceutical(\d*)\b",3.71,"#FD6925"
9,"isp","\b(\d*)isp(\d*)\b",3.69,"#FD6925"
9,"industrial applications","\b(\d*)industrial applications(\d*)\b",3.66,"#FD6925"
9,"reverse","\b(\d*)reverse(\d*)\b",3.65,"#FD6925"
9,"robot","\b(\d*)robot(\d*)\b",3.61,"#FD6925"
9,"investments","\b(\d*)investments(\d*)\b",3.61,"#FD6925"
9,"micro","\b(\d*)micro(\d*)\b",3.5,"#FD6925"
9,"road","\b(\d*)road(\d*)\b",3.46,"#FD6925"
10,"medicaid","\b(\d*)medicaid(\d*)\b",31.96,"#DD1367"
10,"social justice","\b(\d*)social justice(\d*)\b",29.78,"#DD1367"
10,"financial crisis","\b(\d*)financial crisis(\d*)\b",29.59,"#DD1367"
10,"social integration","\b(\d*)social integration(\d*)\b",24.68,"#DD1367"
10,"social inclusion","\b(\d*)social inclusion(\d*)\b",21.53,"#DD1367"
10,"disparities","\b(\d*)disparities(\d*)\b",18.43,"#DD1367"
10,"social mobility","\b(\d*)social mobility(\d*)\b",14.79,"#DD1367"
10,"health disparities","\b(\d*)health disparities(\d*)\b",14.08,"#DD1367"
10,"social inequality","\b(\d*)social inequality(\d*)\b",13.44,"#DD1367"
10,"financial stability","\b(\d*)financial stability(\d*)\b",13.34,"#DD1367"
10,"social stratification","\b(\d*)social stratification(\d*)\b",12.2,"#DD1367"
10,"social inequalities","\b(\d*)social inequalities(\d*)\b",11.89,"#DD1367"
10,"inequalities","\b(\d*)inequalities(\d*)\b",11.73,"#DD1367"
10,"migrant workers","\b(\d*)migrant workers(\d*)\b",11.63,"#DD1367"
10,"health inequalities","\b(\d*)health inequalities(\d*)\b",11.24,"#DD1367"
10,"students autism","\b(\d*)students autism(\d*)\b",11.14,"#DD1367"
10,"asylum","\b(\d*)asylum(\d*)\b",10.86,"#DD1367"
10,"equal opportunity","\b(\d*)equal opportunity(\d*)\b",10.33,"#DD1367"
10,"migration","\b(\d*)migration(\d*)\b",10.19,"#DD1367"
10,"remittances","\b(\d*)remittances(\d*)\b",9.6,"#DD1367"
10,"financial crises","\b(\d*)financial crises(\d*)\b",9.36,"#DD1367"
10,"remittance","\b(\d*)remittance(\d*)\b",9.27,"#DD1367"
10,"immigration","\b(\d*)immigration(\d*)\b",9.18,"#DD1367"
10,"disparity","\b(\d*)disparity(\d*)\b",9.11,"#DD1367"
10,"medicare medicaid","\b(\d*)medicare medicaid(\d*)\b",8.48,"#DD1367"
10,"economic inequality","\b(\d*)economic inequality(\d*)\b",8.36,"#DD1367"
10,"affirmative action","\b(\d*)affirmative action(\d*)\b",8.34,"#DD1367"
10,"equal","\b(\d*)equal(\d*)\b",8.3,"#DD1367"
10,"financial","\b(\d*)financial(\d*)\b",8.27,"#DD1367"
10,"inclusive","\b(\d*)inclusive(\d*)\b",7.96,"#DD1367"
10,"health equity","\b(\d*)health equity(\d*)\b",7.82,"#DD1367"
10,"inequities","\b(\d*)inequities(\d*)\b",7.71,"#DD1367"
10,"racial discrimination","\b(\d*)racial discrimination(\d*)\b",7.71,"#DD1367"
10,"discrimination","\b(\d*)discrimination(\d*)\b",7.65,"#DD1367"
10,"international migration","\b(\d*)international migration(\d*)\b",7.6,"#DD1367"
10,"upward mobility","\b(\d*)upward mobility(\d*)\b",7.54,"#DD1367"
10,"undocumented","\b(\d*)undocumented(\d*)\b",7.41,"#DD1367"
10,"social","\b(\d*)social(\d*)\b",7.37,"#DD1367"
10,"stratification","\b(\d*)stratification(\d*)\b",7.26,"#DD1367"
10,"migration flows","\b(\d*)migration flows(\d*)\b",7.16,"#DD1367"
10,"money laundering","\b(\d*)money laundering(\d*)\b",7.14,"#DD1367"
10,"age discrimination","\b(\d*)age discrimination(\d*)\b",6.96,"#DD1367"
10,"inequality","\b(\d*)inequality(\d*)\b",6.95,"#DD1367"
10,"racial","\b(\d*)racial(\d*)\b",6.89,"#DD1367"
10,"laundering","\b(\d*)laundering(\d*)\b",6.78,"#DD1367"
10,"foreign workers","\b(\d*)foreign workers(\d*)\b",6.73,"#DD1367"
10,"inclusion","\b(\d*)inclusion(\d*)\b",6.5,"#DD1367"
10,"international development","\b(\d*)international development(\d*)\b",6.44,"#DD1367"
10,"global financial","\b(\d*)global financial(\d*)\b",6.42,"#DD1367"
10,"affirmative","\b(\d*)affirmative(\d*)\b",6.4,"#DD1367"
10,"basel","\b(\d*)basel(\d*)\b",6.28,"#DD1367"
10,"bank","\b(\d*)bank(\d*)\b",6.26,"#DD1367"
10,"trade","\b(\d*)trade(\d*)\b",6.21,"#DD1367"
10,"forced migration","\b(\d*)forced migration(\d*)\b",6.16,"#DD1367"
10,"international trade","\b(\d*)international trade(\d*)\b",6.13,"#DD1367"
10,"return migration","\b(\d*)return migration(\d*)\b",6.08,"#DD1367"
10,"upward","\b(\d*)upward(\d*)\b",6.03,"#DD1367"
10,"crisis","\b(\d*)crisis(\d*)\b",6,"#DD1367"
10,"inequalities health","\b(\d*)inequalities health(\d*)\b",5.95,"#DD1367"
10,"migration policy","\b(\d*)migration policy(\d*)\b",5.92,"#DD1367"
10,"justice","\b(\d*)justice(\d*)\b",5.89,"#DD1367"
10,"americans disabilities","\b(\d*)americans disabilities(\d*)\b",5.86,"#DD1367"
10,"medicare","\b(\d*)medicare(\d*)\b",5.83,"#DD1367"
10,"emigration","\b(\d*)emigration(\d*)\b",5.81,"#DD1367"
10,"bank stability","\b(\d*)bank stability(\d*)\b",5.8,"#DD1367"
10,"securities","\b(\d*)securities(\d*)\b",5.8,"#DD1367"
10,"medicaid services","\b(\d*)medicaid services(\d*)\b",5.79,"#DD1367"
10,"immigration policy","\b(\d*)immigration policy(\d*)\b",5.73,"#DD1367"
10,"immigration status","\b(\d*)immigration status(\d*)\b",5.61,"#DD1367"
10,"asylum seekers","\b(\d*)asylum seekers(\d*)\b",5.59,"#DD1367"
10,"disabilities act","\b(\d*)disabilities act(\d*)\b",5.58,"#DD1367"
10,"integration","\b(\d*)integration(\d*)\b",5.51,"#DD1367"
10,"migrant","\b(\d*)migrant(\d*)\b",5.48,"#DD1367"
10,"centers medicare","\b(\d*)centers medicare(\d*)\b",5.36,"#DD1367"
10,"injustice","\b(\d*)injustice(\d*)\b",5.34,"#DD1367"
10,"migration policies","\b(\d*)migration policies(\d*)\b",5.34,"#DD1367"
10,"refugee","\b(\d*)refugee(\d*)\b",5.32,"#DD1367"
10,"banking","\b(\d*)banking(\d*)\b",5.3,"#DD1367"
10,"racial disparities","\b(\d*)racial disparities(\d*)\b",5.21,"#DD1367"
10,"segregation","\b(\d*)segregation(\d*)\b",5.09,"#DD1367"
10,"socioeconomic","\b(\d*)socioeconomic(\d*)\b",5.06,"#DD1367"
10,"disabilities","\b(\d*)disabilities(\d*)\b",5.01,"#DD1367"
10,"inequity","\b(\d*)inequity(\d*)\b",4.97,"#DD1367"
10,"bank failure","\b(\d*)bank failure(\d*)\b",4.96,"#DD1367"
10,"labour migration","\b(\d*)labour migration(\d*)\b",4.96,"#DD1367"
10,"macroprudential","\b(\d*)macroprudential(\d*)\b",4.96,"#DD1367"
10,"labor migration","\b(\d*)labor migration(\d*)\b",4.91,"#DD1367"
10,"banks","\b(\d*)banks(\d*)\b",4.9,"#DD1367"
10,"mobility","\b(\d*)mobility(\d*)\b",4.86,"#DD1367"
10,"health inequities","\b(\d*)health inequities(\d*)\b",4.82,"#DD1367"
10,"migrants","\b(\d*)migrants(\d*)\b",4.8,"#DD1367"
10,"financial regulation","\b(\d*)financial regulation(\d*)\b",4.79,"#DD1367"
10,"equity","\b(\d*)equity(\d*)\b",4.69,"#DD1367"
10,"trading","\b(\d*)trading(\d*)\b",4.68,"#DD1367"
10,"subprime","\b(\d*)subprime(\d*)\b",4.62,"#DD1367"
10,"reunification","\b(\d*)reunification(\d*)\b",4.6,"#DD1367"
10,"ethnic disparities","\b(\d*)ethnic disparities(\d*)\b",4.57,"#DD1367"
10,"economic","\b(\d*)economic(\d*)\b",4.47,"#DD1367"
10,"health","\b(\d*)health(\d*)\b",4.46,"#DD1367"
10,"immigrant","\b(\d*)immigrant(\d*)\b",4.42,"#DD1367"
11,"solid waste","\b(\d*)solid waste(\d*)\b",23.22,"#FD9D24"
11,"urban","\b(\d*)urban(\d*)\b",20.25,"#FD9D24"
11,"road network","\b(\d*)road network(\d*)\b",16.09,"#FD9D24"
11,"earthquake","\b(\d*)earthquake(\d*)\b",14.98,"#FD9D24"
11,"heritage","\b(\d*)heritage(\d*)\b",14.94,"#FD9D24"
11,"natural disasters","\b(\d*)natural disasters(\d*)\b",14.78,"#FD9D24"
11,"urban development","\b(\d*)urban development(\d*)\b",13.77,"#FD9D24"
11,"public transport","\b(\d*)public transport(\d*)\b",13.55,"#FD9D24"
11,"intelligent transportation","\b(\d*)intelligent transportation(\d*)\b",12.95,"#FD9D24"
11,"urban planning","\b(\d*)urban planning(\d*)\b",12.11,"#FD9D24"
11,"city","\b(\d*)city(\d*)\b",11.83,"#FD9D24"
11,"public transportation","\b(\d*)public transportation(\d*)\b",11.75,"#FD9D24"
11,"smart cities","\b(\d*)smart cities(\d*)\b",11.3,"#FD9D24"
11,"road networks","\b(\d*)road networks(\d*)\b",10.43,"#FD9D24"
11,"cultural heritage","\b(\d*)cultural heritage(\d*)\b",10.4,"#FD9D24"
11,"housing","\b(\d*)housing(\d*)\b",10.3,"#FD9D24"
11,"housing market","\b(\d*)housing market(\d*)\b",10.01,"#FD9D24"
11,"waste","\b(\d*)waste(\d*)\b",9.76,"#FD9D24"
11,"municipal","\b(\d*)municipal(\d*)\b",9.47,"#FD9D24"
11,"flood","\b(\d*)flood(\d*)\b",9.32,"#FD9D24"
11,"smart city","\b(\d*)smart city(\d*)\b",9.16,"#FD9D24"
11,"disaster prevention","\b(\d*)disaster prevention(\d*)\b",9.02,"#FD9D24"
11,"natural disaster","\b(\d*)natural disaster(\d*)\b",8.9,"#FD9D24"
11,"gentrification","\b(\d*)gentrification(\d*)\b",8.85,"#FD9D24"
11,"earthquakes","\b(\d*)earthquakes(\d*)\b",8.81,"#FD9D24"
11,"intelligent transport","\b(\d*)intelligent transport(\d*)\b",8.31,"#FD9D24"
11,"homeownership","\b(\d*)homeownership(\d*)\b",8.29,"#FD9D24"
11,"traffic noise","\b(\d*)traffic noise(\d*)\b",8.24,"#FD9D24"
11,"traffic","\b(\d*)traffic(\d*)\b",7.99,"#FD9D24"
11,"transit","\b(\d*)transit(\d*)\b",7.98,"#FD9D24"
11,"disaster","\b(\d*)disaster(\d*)\b",7.96,"#FD9D24"
11,"flood risk","\b(\d*)flood risk(\d*)\b",7.7,"#FD9D24"
11,"drought monitoring","\b(\d*)drought monitoring(\d*)\b",7.65,"#FD9D24"
11,"urbanization","\b(\d*)urbanization(\d*)\b",7.39,"#FD9D24"
11,"public space","\b(\d*)public space(\d*)\b",7.3,"#FD9D24"
11,"world heritage","\b(\d*)world heritage(\d*)\b",7.24,"#FD9D24"
11,"residential mobility","\b(\d*)residential mobility(\d*)\b",7.22,"#FD9D24"
11,"urban land","\b(\d*)urban land(\d*)\b",7.16,"#FD9D24"
11,"sewage","\b(\d*)sewage(\d*)\b",6.84,"#FD9D24"
11,"rail transit","\b(\d*)rail transit(\d*)\b",6.75,"#FD9D24"
11,"hurricane","\b(\d*)hurricane(\d*)\b",6.74,"#FD9D24"
11,"disasters","\b(\d*)disasters(\d*)\b",6.61,"#FD9D24"
11,"transportation","\b(\d*)transportation(\d*)\b",6.5,"#FD9D24"
11,"urban landscape","\b(\d*)urban landscape(\d*)\b",6.4,"#FD9D24"
11,"heritage site","\b(\d*)heritage site(\d*)\b",6.18,"#FD9D24"
11,"cities","\b(\d*)cities(\d*)\b",6.18,"#FD9D24"
11,"flooding","\b(\d*)flooding(\d*)\b",6.14,"#FD9D24"
11,"historical buildings","\b(\d*)historical buildings(\d*)\b",6.12,"#FD9D24"
11,"seismic","\b(\d*)seismic(\d*)\b",6.08,"#FD9D24"
11,"solid","\b(\d*)solid(\d*)\b",5.93,"#FD9D24"
11,"pollution","\b(\d*)pollution(\d*)\b",5.93,"#FD9D24"
11,"landfill","\b(\d*)landfill(\d*)\b",5.75,"#FD9D24"
11,"archaeological","\b(\d*)archaeological(\d*)\b",5.75,"#FD9D24"
11,"historic buildings","\b(\d*)historic buildings(\d*)\b",5.67,"#FD9D24"
11,"historic","\b(\d*)historic(\d*)\b",5.66,"#FD9D24"
11,"earthquake engineering","\b(\d*)earthquake engineering(\d*)\b",5.46,"#FD9D24"
11,"prediction","\b(\d*)prediction(\d*)\b",5.44,"#FD9D24"
11,"urban landscapes","\b(\d*)urban landscapes(\d*)\b",5.34,"#FD9D24"
11,"transportation systems","\b(\d*)transportation systems(\d*)\b",5.34,"#FD9D24"
11,"traffic congestion","\b(\d*)traffic congestion(\d*)\b",5.3,"#FD9D24"
11,"public","\b(\d*)public(\d*)\b",5.28,"#FD9D24"
11,"urban air","\b(\d*)urban air(\d*)\b",5.18,"#FD9D24"
11,"town planning","\b(\d*)town planning(\d*)\b",5.06,"#FD9D24"
11,"traffic signal","\b(\d*)traffic signal(\d*)\b",5.03,"#FD9D24"
11,"intelligent","\b(\d*)intelligent(\d*)\b",5,"#FD9D24"
11,"homelessness","\b(\d*)homelessness(\d*)\b",4.96,"#FD9D24"
11,"parks","\b(\d*)parks(\d*)\b",4.91,"#FD9D24"
11,"housing markets","\b(\d*)housing markets(\d*)\b",4.9,"#FD9D24"
11,"trafficking","\b(\d*)trafficking(\d*)\b",4.9,"#FD9D24"
11,"compost","\b(\d*)compost(\d*)\b",4.89,"#FD9D24"
11,"unesco","\b(\d*)unesco(\d*)\b",4.87,"#FD9D24"
11,"congestion","\b(\d*)congestion(\d*)\b",4.82,"#FD9D24"
11,"disaster mitigation","\b(\d*)disaster mitigation(\d*)\b",4.81,"#FD9D24"
11,"paintings","\b(\d*)paintings(\d*)\b",4.8,"#FD9D24"
11,"tornado","\b(\d*)tornado(\d*)\b",4.8,"#FD9D24"
11,"tsunami","\b(\d*)tsunami(\d*)\b",4.79,"#FD9D24"
11,"artefacts","\b(\d*)artefacts(\d*)\b",4.79,"#FD9D24"
11,"road","\b(\d*)road(\d*)\b",4.7,"#FD9D24"
11,"metro","\b(\d*)metro(\d*)\b",4.61,"#FD9D24"
11,"mitigation","\b(\d*)mitigation(\d*)\b",4.6,"#FD9D24"
11,"parking","\b(\d*)parking(\d*)\b",4.59,"#FD9D24"
11,"traffic assignment","\b(\d*)traffic assignment(\d*)\b",4.57,"#FD9D24"
11,"transport","\b(\d*)transport(\d*)\b",4.54,"#FD9D24"
11,"historical","\b(\d*)historical(\d*)\b",4.53,"#FD9D24"
11,"highway traffic","\b(\d*)highway traffic(\d*)\b",4.49,"#FD9D24"
11,"signalized","\b(\d*)signalized(\d*)\b",4.42,"#FD9D24"
11,"city planning","\b(\d*)city planning(\d*)\b",4.42,"#FD9D24"
11,"train","\b(\d*)train(\d*)\b",4.35,"#FD9D24"
11,"street","\b(\d*)street(\d*)\b",4.31,"#FD9D24"
11,"planning","\b(\d*)planning(\d*)\b",4.29,"#FD9D24"
11,"smart","\b(\d*)smart(\d*)\b",4.29,"#FD9D24"
11,"urban heat","\b(\d*)urban heat(\d*)\b",4.27,"#FD9D24"
11,"buildings","\b(\d*)buildings(\d*)\b",4.22,"#FD9D24"
11,"commuting","\b(\d*)commuting(\d*)\b",4.18,"#FD9D24"
11,"heat island","\b(\d*)heat island(\d*)\b",4.15,"#FD9D24"
11,"public spaces","\b(\d*)public spaces(\d*)\b",4.13,"#FD9D24"
11,"urban regeneration","\b(\d*)urban regeneration(\d*)\b",4.1,"#FD9D24"
11,"public transit","\b(\d*)public transit(\d*)\b",4.09,"#FD9D24"
11,"natural hazards","\b(\d*)natural hazards(\d*)\b",4.09,"#FD9D24"
11,"land cover","\b(\d*)land cover(\d*)\b",4.07,"#FD9D24"
12,"recycling","\b(\d*)recycling(\d*)\b",67,"#BF8B2E"
12,"recycle","\b(\d*)recycle(\d*)\b",41.98,"#BF8B2E"
12,"composting","\b(\d*)composting(\d*)\b",21.91,"#BF8B2E"
12,"waste disposal","\b(\d*)waste disposal(\d*)\b",21.61,"#BF8B2E"
12,"sustainable production","\b(\d*)sustainable production(\d*)\b",19.34,"#BF8B2E"
12,"vermicompost","\b(\d*)vermicompost(\d*)\b",17.01,"#BF8B2E"
12,"food preservation","\b(\d*)food preservation(\d*)\b",16.41,"#BF8B2E"
12,"waste","\b(\d*)waste(\d*)\b",15.98,"#BF8B2E"
12,"hazardous waste","\b(\d*)hazardous waste(\d*)\b",14.25,"#BF8B2E"
12,"tourism","\b(\d*)tourism(\d*)\b",14.25,"#BF8B2E"
12,"waste management","\b(\d*)waste management(\d*)\b",13.75,"#BF8B2E"
12,"recycled","\b(\d*)recycled(\d*)\b",13.23,"#BF8B2E"
12,"landfill","\b(\d*)landfill(\d*)\b",12.72,"#BF8B2E"
12,"waste treatment","\b(\d*)waste treatment(\d*)\b",12.63,"#BF8B2E"
12,"tourism development","\b(\d*)tourism development(\d*)\b",11.88,"#BF8B2E"
12,"natural resource","\b(\d*)natural resource(\d*)\b",11.78,"#BF8B2E"
12,"environmental attitudes","\b(\d*)environmental attitudes(\d*)\b",10.24,"#BF8B2E"
12,"cycle analysis","\b(\d*)cycle analysis(\d*)\b",10.16,"#BF8B2E"
12,"sustainability assessment","\b(\d*)sustainability assessment(\d*)\b",10.03,"#BF8B2E"
12,"nuclear waste","\b(\d*)nuclear waste(\d*)\b",9.6,"#BF8B2E"
12,"circular economy","\b(\d*)circular economy(\d*)\b",9.49,"#BF8B2E"
12,"sustainable","\b(\d*)sustainable(\d*)\b",9.42,"#BF8B2E"
12,"food preservative","\b(\d*)food preservative(\d*)\b",9.39,"#BF8B2E"
12,"lca","\b(\d*)lca(\d*)\b",9.05,"#BF8B2E"
12,"disposal","\b(\d*)disposal(\d*)\b",8.77,"#BF8B2E"
12,"resource management","\b(\d*)resource management(\d*)\b",8.55,"#BF8B2E"
12,"preservative","\b(\d*)preservative(\d*)\b",8.32,"#BF8B2E"
12,"energy performance","\b(\d*)energy performance(\d*)\b",8.14,"#BF8B2E"
12,"deinking","\b(\d*)deinking(\d*)\b",7.52,"#BF8B2E"
12,"sustainable building","\b(\d*)sustainable building(\d*)\b",7.47,"#BF8B2E"
12,"sustainable construction","\b(\d*)sustainable construction(\d*)\b",7.39,"#BF8B2E"
12,"spent fuel","\b(\d*)spent fuel(\d*)\b",7.21,"#BF8B2E"
12,"waste incineration","\b(\d*)waste incineration(\d*)\b",7.18,"#BF8B2E"
12,"landfill leachate","\b(\d*)landfill leachate(\d*)\b",7,"#BF8B2E"
12,"corporate social","\b(\d*)corporate social(\d*)\b",6.88,"#BF8B2E"
12,"leachate","\b(\d*)leachate(\d*)\b",6.82,"#BF8B2E"
12,"repository","\b(\d*)repository(\d*)\b",6.68,"#BF8B2E"
12,"agricultural waste","\b(\d*)agricultural waste(\d*)\b",6.52,"#BF8B2E"
12,"radioactive waste","\b(\d*)radioactive waste(\d*)\b",6.51,"#BF8B2E"
12,"legitimacy","\b(\d*)legitimacy(\d*)\b",6.44,"#BF8B2E"
12,"environmental","\b(\d*)environmental(\d*)\b",6.31,"#BF8B2E"
12,"resource efficiency","\b(\d*)resource efficiency(\d*)\b",6.28,"#BF8B2E"
12,"waste processing","\b(\d*)waste processing(\d*)\b",6.27,"#BF8B2E"
12,"life cycle","\b(\d*)life cycle(\d*)\b",6.22,"#BF8B2E"
12,"sustainable use","\b(\d*)sustainable use(\d*)\b",6.11,"#BF8B2E"
12,"tourism management","\b(\d*)tourism management(\d*)\b",6.1,"#BF8B2E"
12,"hazardous","\b(\d*)hazardous(\d*)\b",6.04,"#BF8B2E"
12,"sustainable consumption","\b(\d*)sustainable consumption(\d*)\b",5.92,"#BF8B2E"
12,"corporate responsibility","\b(\d*)corporate responsibility(\d*)\b",5.82,"#BF8B2E"
12,"resources management","\b(\d*)resources management(\d*)\b",5.59,"#BF8B2E"
12,"medical waste","\b(\d*)medical waste(\d*)\b",5.39,"#BF8B2E"
12,"ecological","\b(\d*)ecological(\d*)\b",5.36,"#BF8B2E"
12,"integrated reporting","\b(\d*)integrated reporting(\d*)\b",5.31,"#BF8B2E"
12,"landfill gas","\b(\d*)landfill gas(\d*)\b",5.29,"#BF8B2E"
12,"pulsed electric","\b(\d*)pulsed electric(\d*)\b",5.22,"#BF8B2E"
12,"recyclable","\b(\d*)recyclable(\d*)\b",5.21,"#BF8B2E"
12,"corporate","\b(\d*)corporate(\d*)\b",5.19,"#BF8B2E"
12,"14001","\b(\d*)14001(\d*)\b",5.16,"#BF8B2E"
12,"incineration","\b(\d*)incineration(\d*)\b",5.12,"#BF8B2E"
12,"iso 14001","\b(\d*)iso 14001(\d*)\b",5.11,"#BF8B2E"
12,"preservation","\b(\d*)preservation(\d*)\b",5.02,"#BF8B2E"
12,"lifecycle","\b(\d*)lifecycle(\d*)\b",5.01,"#BF8B2E"
12,"geological disposal","\b(\d*)geological disposal(\d*)\b",5,"#BF8B2E"
12,"stickies","\b(\d*)stickies(\d*)\b",5,"#BF8B2E"
12,"circular","\b(\d*)circular(\d*)\b",4.9,"#BF8B2E"
12,"recycled paper","\b(\d*)recycled paper(\d*)\b",4.84,"#BF8B2E"
12,"incinerator","\b(\d*)incinerator(\d*)\b",4.82,"#BF8B2E"
12,"reporting","\b(\d*)reporting(\d*)\b",4.68,"#BF8B2E"
12,"spent","\b(\d*)spent(\d*)\b",4.6,"#BF8B2E"
12,"science environmental","\b(\d*)science environmental(\d*)\b",4.59,"#BF8B2E"
12,"disassembly","\b(\d*)disassembly(\d*)\b",4.58,"#BF8B2E"
12,"environment","\b(\d*)environment(\d*)\b",4.51,"#BF8B2E"
12,"visitors","\b(\d*)visitors(\d*)\b",4.43,"#BF8B2E"
12,"waste energy","\b(\d*)waste energy(\d*)\b",4.42,"#BF8B2E"
12,"sustainability","\b(\d*)sustainability(\d*)\b",4.42,"#BF8B2E"
12,"spent nuclear","\b(\d*)spent nuclear(\d*)\b",4.39,"#BF8B2E"
12,"social performance","\b(\d*)social performance(\d*)\b",4.38,"#BF8B2E"
12,"tourist","\b(\d*)tourist(\d*)\b",4.33,"#BF8B2E"
12,"industrial waste","\b(\d*)industrial waste(\d*)\b",4.27,"#BF8B2E"
12,"responsibility","\b(\d*)responsibility(\d*)\b",4.26,"#BF8B2E"
12,"level radioactive","\b(\d*)level radioactive(\d*)\b",4.26,"#BF8B2E"
12,"natural resources","\b(\d*)natural resources(\d*)\b",4.19,"#BF8B2E"
12,"nuclear fuel","\b(\d*)nuclear fuel(\d*)\b",4.18,"#BF8B2E"
12,"buildings","\b(\d*)buildings(\d*)\b",4.15,"#BF8B2E"
12,"scrap","\b(\d*)scrap(\d*)\b",4.11,"#BF8B2E"
12,"pef","\b(\d*)pef(\d*)\b",4.07,"#BF8B2E"
12,"hotel industry","\b(\d*)hotel industry(\d*)\b",4.06,"#BF8B2E"
12,"weee","\b(\d*)weee(\d*)\b",4.04,"#BF8B2E"
12,"environmental management","\b(\d*)environmental management(\d*)\b",3.99,"#BF8B2E"
12,"food","\b(\d*)food(\d*)\b",3.91,"#BF8B2E"
12,"building","\b(\d*)building(\d*)\b",3.84,"#BF8B2E"
12,"cdm","\b(\d*)cdm(\d*)\b",3.82,"#BF8B2E"
12,"radioactive","\b(\d*)radioactive(\d*)\b",3.8,"#BF8B2E"
12,"hotel","\b(\d*)hotel(\d*)\b",3.78,"#BF8B2E"
12,"iso","\b(\d*)iso(\d*)\b",3.75,"#BF8B2E"
12,"green","\b(\d*)green(\d*)\b",3.71,"#BF8B2E"
12,"csr","\b(\d*)csr(\d*)\b",3.71,"#BF8B2E"
12,"incentive","\b(\d*)incentive(\d*)\b",3.69,"#BF8B2E"
12,"literacy","\b(\d*)literacy(\d*)\b",3.65,"#BF8B2E"
12,"landfill cover","\b(\d*)landfill cover(\d*)\b",3.57,"#BF8B2E"
13,"climate change","\b(\d*)climate change(\d*)\b",26.61,"#3F7E44"
13,"co2","\b(\d*)co2(\d*)\b",19.35,"#3F7E44"
13,"co2 emissions","\b(\d*)co2 emissions(\d*)\b",17.6,"#3F7E44"
13,"climate warming","\b(\d*)climate warming(\d*)\b",16.45,"#3F7E44"
13,"greenhouse gas","\b(\d*)greenhouse gas(\d*)\b",16.4,"#3F7E44"
13,"global warming","\b(\d*)global warming(\d*)\b",16.06,"#3F7E44"
13,"global climate","\b(\d*)global climate(\d*)\b",14.22,"#3F7E44"
13,"emission","\b(\d*)emission(\d*)\b",12.53,"#3F7E44"
13,"co2 emission","\b(\d*)co2 emission(\d*)\b",12.52,"#3F7E44"
13,"warming","\b(\d*)warming(\d*)\b",12.26,"#3F7E44"
13,"climate","\b(\d*)climate(\d*)\b",12.12,"#3F7E44"
13,"carbon footprint","\b(\d*)carbon footprint(\d*)\b",10.62,"#3F7E44"
13,"gas emissions","\b(\d*)gas emissions(\d*)\b",10.55,"#3F7E44"
13,"emissions","\b(\d*)emissions(\d*)\b",10.22,"#3F7E44"
13,"carbon dioxide","\b(\d*)carbon dioxide(\d*)\b",10,"#3F7E44"
13,"carbon conversion","\b(\d*)carbon conversion(\d*)\b",9.53,"#3F7E44"
13,"greenhouse gases","\b(\d*)greenhouse gases(\d*)\b",8.69,"#3F7E44"
13,"capture","\b(\d*)capture(\d*)\b",8.6,"#3F7E44"
13,"greenhouse","\b(\d*)greenhouse(\d*)\b",8.49,"#3F7E44"
13,"ipcc","\b(\d*)ipcc(\d*)\b",8.35,"#3F7E44"
13,"co2 reduction","\b(\d*)co2 reduction(\d*)\b",8.17,"#3F7E44"
13,"carbon","\b(\d*)carbon(\d*)\b",8.05,"#3F7E44"
13,"effects climate","\b(\d*)effects climate(\d*)\b",7.91,"#3F7E44"
13,"ghg","\b(\d*)ghg(\d*)\b",7.49,"#3F7E44"
13,"mitigation","\b(\d*)mitigation(\d*)\b",7.18,"#3F7E44"
13,"carbon capture","\b(\d*)carbon capture(\d*)\b",7.09,"#3F7E44"
13,"carbon removal","\b(\d*)carbon removal(\d*)\b",7.04,"#3F7E44"
13,"carbon reduction","\b(\d*)carbon reduction(\d*)\b",6.9,"#3F7E44"
13,"dioxide","\b(\d*)dioxide(\d*)\b",6.64,"#3F7E44"
13,"change","\b(\d*)change(\d*)\b",6.57,"#3F7E44"
13,"fossil fuel","\b(\d*)fossil fuel(\d*)\b",6.56,"#3F7E44"
13,"dioxide emissions","\b(\d*)dioxide emissions(\d*)\b",6.49,"#3F7E44"
13,"kyoto","\b(\d*)kyoto(\d*)\b",6.49,"#3F7E44"
13,"global change","\b(\d*)global change(\d*)\b",6.45,"#3F7E44"
13,"footprint","\b(\d*)footprint(\d*)\b",6.43,"#3F7E44"
13,"global","\b(\d*)global(\d*)\b",6.42,"#3F7E44"
13,"adaptation","\b(\d*)adaptation(\d*)\b",6.32,"#3F7E44"
13,"co2 capture","\b(\d*)co2 capture(\d*)\b",6.3,"#3F7E44"
13,"co2 injection","\b(\d*)co2 injection(\d*)\b",6.27,"#3F7E44"
13,"co2 storage","\b(\d*)co2 storage(\d*)\b",6.12,"#3F7E44"
13,"sea level","\b(\d*)sea level(\d*)\b",6.09,"#3F7E44"
13,"reduction co2","\b(\d*)reduction co2(\d*)\b",6.05,"#3F7E44"
13,"ccs","\b(\d*)ccs(\d*)\b",6.05,"#3F7E44"
13,"fossil","\b(\d*)fossil(\d*)\b",5.81,"#3F7E44"
13,"dry reforming","\b(\d*)dry reforming(\d*)\b",5.75,"#3F7E44"
13,"climate policy","\b(\d*)climate policy(\d*)\b",5.66,"#3F7E44"
13,"methane","\b(\d*)methane(\d*)\b",5.5,"#3F7E44"
13,"kyoto protocol","\b(\d*)kyoto protocol(\d*)\b",5.43,"#3F7E44"
13,"fossil fuels","\b(\d*)fossil fuels(\d*)\b",5.43,"#3F7E44"
13,"sea","\b(\d*)sea(\d*)\b",5.41,"#3F7E44"
13,"marine","\b(\d*)marine(\d*)\b",5.35,"#3F7E44"
13,"drought","\b(\d*)drought(\d*)\b",4.93,"#3F7E44"
13,"environmental","\b(\d*)environmental(\d*)\b",4.88,"#3F7E44"
13,"emissions trading","\b(\d*)emissions trading(\d*)\b",4.81,"#3F7E44"
13,"dioxide emission","\b(\d*)dioxide emission(\d*)\b",4.65,"#3F7E44"
13,"anthropogenic","\b(\d*)anthropogenic(\d*)\b",4.62,"#3F7E44"
13,"salt tolerant","\b(\d*)salt tolerant(\d*)\b",4.53,"#3F7E44"
13,"reduction","\b(\d*)reduction(\d*)\b",4.51,"#3F7E44"
13,"tolerant","\b(\d*)tolerant(\d*)\b",4.46,"#3F7E44"
13,"ghg emissions","\b(\d*)ghg emissions(\d*)\b",4.42,"#3F7E44"
13,"environmental impact","\b(\d*)environmental impact(\d*)\b",4.31,"#3F7E44"
13,"trading","\b(\d*)trading(\d*)\b",4.24,"#3F7E44"
13,"cap trade","\b(\d*)cap trade(\d*)\b",4.23,"#3F7E44"
13,"gases","\b(\d*)gases(\d*)\b",4.19,"#3F7E44"
13,"conversion","\b(\d*)conversion(\d*)\b",4.17,"#3F7E44"
13,"co2 removal","\b(\d*)co2 removal(\d*)\b",4.15,"#3F7E44"
13,"coastal","\b(\d*)coastal(\d*)\b",4.14,"#3F7E44"
13,"flood","\b(\d*)flood(\d*)\b",4.13,"#3F7E44"
13,"amine","\b(\d*)amine(\d*)\b",4.13,"#3F7E44"
13,"crop improvement","\b(\d*)crop improvement(\d*)\b",4.05,"#3F7E44"
13,"ch4","\b(\d*)ch4(\d*)\b",4.04,"#3F7E44"
13,"photoreduction","\b(\d*)photoreduction(\d*)\b",4.02,"#3F7E44"
13,"gas","\b(\d*)gas(\d*)\b",3.97,"#3F7E44"
13,"co2 laser","\b(\d*)co2 laser(\d*)\b",3.91,"#3F7E44"
13,"anthropogenic climate","\b(\d*)anthropogenic climate(\d*)\b",3.9,"#3F7E44"
13,"reduce co2","\b(\d*)reduce co2(\d*)\b",3.81,"#3F7E44"
13,"paris agreement","\b(\d*)paris agreement(\d*)\b",3.71,"#3F7E44"
13,"ch","\b(\d*)ch(\d*)\b",3.71,"#3F7E44"
13,"capture storage","\b(\d*)capture storage(\d*)\b",3.68,"#3F7E44"
13,"11c","\b(\d*)11c(\d*)\b",3.68,"#3F7E44"
13,"oil recovery","\b(\d*)oil recovery(\d*)\b",3.66,"#3F7E44"
13,"climatic","\b(\d*)climatic(\d*)\b",3.64,"#3F7E44"
13,"zero","\b(\d*)zero(\d*)\b",3.64,"#3F7E44"
13,"environmental impacts","\b(\d*)environmental impacts(\d*)\b",3.64,"#3F7E44"
13,"injection","\b(\d*)injection(\d*)\b",3.63,"#3F7E44"
13,"reforming","\b(\d*)reforming(\d*)\b",3.62,"#3F7E44"
13,"energy","\b(\d*)energy(\d*)\b",3.58,"#3F7E44"
13,"change impacts","\b(\d*)change impacts(\d*)\b",3.57,"#3F7E44"
13,"temperature","\b(\d*)temperature(\d*)\b",3.48,"#3F7E44"
13,"storage","\b(\d*)storage(\d*)\b",3.44,"#3F7E44"
13,"paris","\b(\d*)paris(\d*)\b",3.41,"#3F7E44"
13,"laser","\b(\d*)laser(\d*)\b",3.41,"#3F7E44"
13,"gas emission","\b(\d*)gas emission(\d*)\b",3.4,"#3F7E44"
13,"hydrogenation","\b(\d*)hydrogenation(\d*)\b",3.39,"#3F7E44"
13,"photocatalytic reduction","\b(\d*)photocatalytic reduction(\d*)\b",3.37,"#3F7E44"
13,"arctic","\b(\d*)arctic(\d*)\b",3.31,"#3F7E44"
13,"looping","\b(\d*)looping(\d*)\b",3.3,"#3F7E44"
13,"water resources","\b(\d*)water resources(\d*)\b",3.24,"#3F7E44"
13,"emission scanning","\b(\d*)emission scanning(\d*)\b",3.2,"#3F7E44"
13,"carbonation","\b(\d*)carbonation(\d*)\b",3.19,"#3F7E44"
14,"marine","\b(\d*)marine(\d*)\b",19.68,"#0A97D9"
14,"oil spill","\b(\d*)oil spill(\d*)\b",15.22,"#0A97D9"
14,"conservation","\b(\d*)conservation(\d*)\b",14.32,"#0A97D9"
14,"coastal","\b(\d*)coastal(\d*)\b",13.63,"#0A97D9"
14,"spill","\b(\d*)spill(\d*)\b",12.5,"#0A97D9"
14,"phosphorus removal","\b(\d*)phosphorus removal(\d*)\b",12.41,"#0A97D9"
14,"sea","\b(\d*)sea(\d*)\b",11.77,"#0A97D9"
14,"bloom","\b(\d*)bloom(\d*)\b",11.03,"#0A97D9"
14,"blooms","\b(\d*)blooms(\d*)\b",10.85,"#0A97D9"
14,"fisheries management","\b(\d*)fisheries management(\d*)\b",10.72,"#0A97D9"
14,"ocean","\b(\d*)ocean(\d*)\b",10.62,"#0A97D9"
14,"aquaculture","\b(\d*)aquaculture(\d*)\b",10.59,"#0A97D9"
14,"hydrocarbons","\b(\d*)hydrocarbons(\d*)\b",10.05,"#0A97D9"
14,"oil spills","\b(\d*)oil spills(\d*)\b",9.88,"#0A97D9"
14,"fisheries","\b(\d*)fisheries(\d*)\b",9.39,"#0A97D9"
14,"eutrophication","\b(\d*)eutrophication(\d*)\b",9.19,"#0A97D9"
14,"coast","\b(\d*)coast(\d*)\b",9.17,"#0A97D9"
14,"spills","\b(\d*)spills(\d*)\b",9.09,"#0A97D9"
14,"contamination","\b(\d*)contamination(\d*)\b",8.97,"#0A97D9"
14,"pollution","\b(\d*)pollution(\d*)\b",8.61,"#0A97D9"
14,"overfishing","\b(\d*)overfishing(\d*)\b",8.51,"#0A97D9"
14,"algal blooms","\b(\d*)algal blooms(\d*)\b",7.86,"#0A97D9"
14,"contaminants","\b(\d*)contaminants(\d*)\b",6.81,"#0A97D9"
14,"alexandrium","\b(\d*)alexandrium(\d*)\b",6.78,"#0A97D9"
14,"oceanic","\b(\d*)oceanic(\d*)\b",6.78,"#0A97D9"
14,"contaminated","\b(\d*)contaminated(\d*)\b",6.66,"#0A97D9"
14,"coastal protection","\b(\d*)coastal protection(\d*)\b",6.5,"#0A97D9"
14,"oceans","\b(\d*)oceans(\d*)\b",6.3,"#0A97D9"
14,"ebpr","\b(\d*)ebpr(\d*)\b",6.1,"#0A97D9"
14,"coastal management","\b(\d*)coastal management(\d*)\b",6.05,"#0A97D9"
14,"spot","\b(\d*)spot(\d*)\b",5.96,"#0A97D9"
14,"eutrophic","\b(\d*)eutrophic(\d*)\b",5.93,"#0A97D9"
14,"ocean acidification","\b(\d*)ocean acidification(\d*)\b",5.86,"#0A97D9"
14,"oil","\b(\d*)oil(\d*)\b",5.66,"#0A97D9"
14,"harmful","\b(\d*)harmful(\d*)\b",5.65,"#0A97D9"
14,"seawater","\b(\d*)seawater(\d*)\b",5.62,"#0A97D9"
14,"oil sorption","\b(\d*)oil sorption(\d*)\b",5.49,"#0A97D9"
14,"microplastics","\b(\d*)microplastics(\d*)\b",5.46,"#0A97D9"
14,"marine protected","\b(\d*)marine protected(\d*)\b",5.33,"#0A97D9"
14,"phosphate","\b(\d*)phosphate(\d*)\b",5.3,"#0A97D9"
14,"algal bloom","\b(\d*)algal bloom(\d*)\b",5.27,"#0A97D9"
14,"aquatic science","\b(\d*)aquatic science(\d*)\b",5.26,"#0A97D9"
14,"gulf","\b(\d*)gulf(\d*)\b",5.2,"#0A97D9"
14,"hatchery","\b(\d*)hatchery(\d*)\b",5.14,"#0A97D9"
14,"maritime","\b(\d*)maritime(\d*)\b",5.14,"#0A97D9"
14,"management","\b(\d*)management(\d*)\b",5.13,"#0A97D9"
14,"sea water","\b(\d*)sea water(\d*)\b",5.05,"#0A97D9"
14,"algal","\b(\d*)algal(\d*)\b",5.04,"#0A97D9"
14,"seal","\b(\d*)seal(\d*)\b",5.03,"#0A97D9"
14,"restoration","\b(\d*)restoration(\d*)\b",4.96,"#0A97D9"
14,"fishing","\b(\d*)fishing(\d*)\b",4.95,"#0A97D9"
14,"trace elements","\b(\d*)trace elements(\d*)\b",4.93,"#0A97D9"
14,"stock assessment","\b(\d*)stock assessment(\d*)\b",4.87,"#0A97D9"
14,"fish","\b(\d*)fish(\d*)\b",4.85,"#0A97D9"
14,"phosphorus","\b(\d*)phosphorus(\d*)\b",4.81,"#0A97D9"
14,"tanker","\b(\d*)tanker(\d*)\b",4.79,"#0A97D9"
14,"cylindrospermopsis","\b(\d*)cylindrospermopsis(\d*)\b",4.77,"#0A97D9"
14,"dinoflagellate","\b(\d*)dinoflagellate(\d*)\b",4.75,"#0A97D9"
14,"raciborskii","\b(\d*)raciborskii(\d*)\b",4.73,"#0A97D9"
14,"pollutants","\b(\d*)pollutants(\d*)\b",4.66,"#0A97D9"
14,"polluted","\b(\d*)polluted(\d*)\b",4.65,"#0A97D9"
14,"acidification","\b(\d*)acidification(\d*)\b",4.53,"#0A97D9"
14,"mangrove","\b(\d*)mangrove(\d*)\b",4.34,"#0A97D9"
14,"removal","\b(\d*)removal(\d*)\b",4.33,"#0A97D9"
14,"contaminant","\b(\d*)contaminant(\d*)\b",4.31,"#0A97D9"
14,"oceanography","\b(\d*)oceanography(\d*)\b",4.31,"#0A97D9"
14,"dumping","\b(\d*)dumping(\d*)\b",4.28,"#0A97D9"
14,"estuary","\b(\d*)estuary(\d*)\b",4.25,"#0A97D9"
14,"pollutant","\b(\d*)pollutant(\d*)\b",4.23,"#0A97D9"
14,"aquatic","\b(\d*)aquatic(\d*)\b",4.21,"#0A97D9"
14,"fishery","\b(\d*)fishery(\d*)\b",4.17,"#0A97D9"
14,"fields oceanography","\b(\d*)fields oceanography(\d*)\b",4.09,"#0A97D9"
14,"imposex","\b(\d*)imposex(\d*)\b",4.08,"#0A97D9"
14,"ecosystem","\b(\d*)ecosystem(\d*)\b",4.02,"#0A97D9"
14,"coral","\b(\d*)coral(\d*)\b",4,"#0A97D9"
14,"coastal areas","\b(\d*)coastal areas(\d*)\b",3.98,"#0A97D9"
14,"resilient","\b(\d*)resilient(\d*)\b",3.96,"#0A97D9"
14,"species","\b(\d*)species(\d*)\b",3.91,"#0A97D9"
14,"bioaccumulation","\b(\d*)bioaccumulation(\d*)\b",3.84,"#0A97D9"
14,"underwater","\b(\d*)underwater(\d*)\b",3.84,"#0A97D9"
14,"seabed","\b(\d*)seabed(\d*)\b",3.83,"#0A97D9"
14,"trace","\b(\d*)trace(\d*)\b",3.82,"#0A97D9"
14,"shellfish","\b(\d*)shellfish(\d*)\b",3.77,"#0A97D9"
14,"resilience","\b(\d*)resilience(\d*)\b",3.77,"#0A97D9"
14,"bangladesh","\b(\d*)bangladesh(\d*)\b",3.74,"#0A97D9"
14,"coastal area","\b(\d*)coastal area(\d*)\b",3.61,"#0A97D9"
14,"beach","\b(\d*)beach(\d*)\b",3.58,"#0A97D9"
14,"fields aquatic","\b(\d*)fields aquatic(\d*)\b",3.57,"#0A97D9"
14,"shrimp","\b(\d*)shrimp(\d*)\b",3.53,"#0A97D9"
14,"plastic","\b(\d*)plastic(\d*)\b",3.52,"#0A97D9"
14,"singapore","\b(\d*)singapore(\d*)\b",3.47,"#0A97D9"
14,"zone management","\b(\d*)zone management(\d*)\b",3.46,"#0A97D9"
14,"seas","\b(\d*)seas(\d*)\b",3.45,"#0A97D9"
14,"microplastic","\b(\d*)microplastic(\d*)\b",3.38,"#0A97D9"
14,"insulators","\b(\d*)insulators(\d*)\b",3.34,"#0A97D9"
14,"stock","\b(\d*)stock(\d*)\b",3.33,"#0A97D9"
14,"north sea","\b(\d*)north sea(\d*)\b",3.23,"#0A97D9"
14,"co2","\b(\d*)co2(\d*)\b",3.22,"#0A97D9"
14,"fisher","\b(\d*)fisher(\d*)\b",3.21,"#0A97D9"
14,"tuna","\b(\d*)tuna(\d*)\b",3.21,"#0A97D9"
15,"bioremediation","\b(\d*)bioremediation(\d*)\b",27.68,"#56C02B"
15,"extinction","\b(\d*)extinction(\d*)\b",20.28,"#56C02B"
15,"conservation","\b(\d*)conservation(\d*)\b",18.06,"#56C02B"
15,"phytoremediation","\b(\d*)phytoremediation(\d*)\b",16.98,"#56C02B"
15,"invasive","\b(\d*)invasive(\d*)\b",16.32,"#56C02B"
15,"endangered","\b(\d*)endangered(\d*)\b",15.55,"#56C02B"
15,"afforestation","\b(\d*)afforestation(\d*)\b",13.28,"#56C02B"
15,"reforestation","\b(\d*)reforestation(\d*)\b",13.08,"#56C02B"
15,"soil conservation","\b(\d*)soil conservation(\d*)\b",11.33,"#56C02B"
15,"desertification","\b(\d*)desertification(\d*)\b",10.89,"#56C02B"
15,"revegetation","\b(\d*)revegetation(\d*)\b",10.65,"#56C02B"
15,"restoration","\b(\d*)restoration(\d*)\b",10.36,"#56C02B"
15,"predator prey","\b(\d*)predator prey(\d*)\b",10.36,"#56C02B"
15,"endangered species","\b(\d*)endangered species(\d*)\b",10.21,"#56C02B"
15,"poaching","\b(\d*)poaching(\d*)\b",10.17,"#56C02B"
15,"valuation","\b(\d*)valuation(\d*)\b",9.25,"#56C02B"
15,"environmental conservation","\b(\d*)environmental conservation(\d*)\b",8.86,"#56C02B"
15,"nature conservation","\b(\d*)nature conservation(\d*)\b",8.84,"#56C02B"
15,"invasive weed","\b(\d*)invasive weed(\d*)\b",8.51,"#56C02B"
15,"ecosystem management","\b(\d*)ecosystem management(\d*)\b",8.51,"#56C02B"
15,"preservation","\b(\d*)preservation(\d*)\b",8.31,"#56C02B"
15,"wildlife","\b(\d*)wildlife(\d*)\b",8.29,"#56C02B"
15,"phytoextraction","\b(\d*)phytoextraction(\d*)\b",7.99,"#56C02B"
15,"invasive species","\b(\d*)invasive species(\d*)\b",7.75,"#56C02B"
15,"species","\b(\d*)species(\d*)\b",7.51,"#56C02B"
15,"deforestation","\b(\d*)deforestation(\d*)\b",7.44,"#56C02B"
15,"species conservation","\b(\d*)species conservation(\d*)\b",7.24,"#56C02B"
15,"chimpanzees","\b(\d*)chimpanzees(\d*)\b",7.03,"#56C02B"
15,"ecological restoration","\b(\d*)ecological restoration(\d*)\b",6.93,"#56C02B"
15,"economic value","\b(\d*)economic value(\d*)\b",6.92,"#56C02B"
15,"invasion","\b(\d*)invasion(\d*)\b",6.83,"#56C02B"
15,"forest","\b(\d*)forest(\d*)\b",6.81,"#56C02B"
15,"natural regeneration","\b(\d*)natural regeneration(\d*)\b",6.68,"#56C02B"
15,"forestry","\b(\d*)forestry(\d*)\b",6.59,"#56C02B"
15,"wildlife management","\b(\d*)wildlife management(\d*)\b",6.51,"#56C02B"
15,"threatened","\b(\d*)threatened(\d*)\b",6.46,"#56C02B"
15,"remediation","\b(\d*)remediation(\d*)\b",6.4,"#56C02B"
15,"introduced species","\b(\d*)introduced species(\d*)\b",6.36,"#56C02B"
15,"biodiversity conservation","\b(\d*)biodiversity conservation(\d*)\b",6.22,"#56C02B"
15,"alien","\b(\d*)alien(\d*)\b",5.67,"#56C02B"
15,"captive","\b(\d*)captive(\d*)\b",5.63,"#56C02B"
15,"environmental","\b(\d*)environmental(\d*)\b",5.58,"#56C02B"
15,"vegetation recovery","\b(\d*)vegetation recovery(\d*)\b",5.58,"#56C02B"
15,"threatened species","\b(\d*)threatened species(\d*)\b",5.54,"#56C02B"
15,"natura 2000","\b(\d*)natura 2000(\d*)\b",5.5,"#56C02B"
15,"predator","\b(\d*)predator(\d*)\b",5.49,"#56C02B"
15,"wolves","\b(\d*)wolves(\d*)\b",5.32,"#56C02B"
15,"species survival","\b(\d*)species survival(\d*)\b",5.31,"#56C02B"
15,"sustainable","\b(\d*)sustainable(\d*)\b",5.14,"#56C02B"
15,"panthera","\b(\d*)panthera(\d*)\b",5.14,"#56C02B"
15,"habitat","\b(\d*)habitat(\d*)\b",5.1,"#56C02B"
15,"pan troglodytes","\b(\d*)pan troglodytes(\d*)\b",5.07,"#56C02B"
15,"accounting","\b(\d*)accounting(\d*)\b",5,"#56C02B"
15,"plantation","\b(\d*)plantation(\d*)\b",4.96,"#56C02B"
15,"general equilibrium","\b(\d*)general equilibrium(\d*)\b",4.93,"#56C02B"
15,"population declines","\b(\d*)population declines(\d*)\b",4.91,"#56C02B"
15,"crocodylus","\b(\d*)crocodylus(\d*)\b",4.83,"#56C02B"
15,"troglodytes","\b(\d*)troglodytes(\d*)\b",4.83,"#56C02B"
15,"afforested","\b(\d*)afforested(\d*)\b",4.76,"#56C02B"
15,"natura","\b(\d*)natura(\d*)\b",4.76,"#56C02B"
15,"land","\b(\d*)land(\d*)\b",4.72,"#56C02B"
15,"regeneration","\b(\d*)regeneration(\d*)\b",4.62,"#56C02B"
15,"non native","\b(\d*)non native(\d*)\b",4.62,"#56C02B"
15,"forest plantations","\b(\d*)forest plantations(\d*)\b",4.61,"#56C02B"
15,"biodiversity","\b(\d*)biodiversity(\d*)\b",4.61,"#56C02B"
15,"iucn","\b(\d*)iucn(\d*)\b",4.53,"#56C02B"
15,"prey","\b(\d*)prey(\d*)\b",4.52,"#56C02B"
15,"ecosystem","\b(\d*)ecosystem(\d*)\b",4.51,"#56C02B"
15,"contaminated","\b(\d*)contaminated(\d*)\b",4.47,"#56C02B"
15,"wolf","\b(\d*)wolf(\d*)\b",4.4,"#56C02B"
15,"bonobos","\b(\d*)bonobos(\d*)\b",4.4,"#56C02B"
15,"acipenser","\b(\d*)acipenser(\d*)\b",4.4,"#56C02B"
15,"freshwater","\b(\d*)freshwater(\d*)\b",4.33,"#56C02B"
15,"contingent valuation","\b(\d*)contingent valuation(\d*)\b",4.33,"#56C02B"
15,"panda","\b(\d*)panda(\d*)\b",4.31,"#56C02B"
15,"alien species","\b(\d*)alien species(\d*)\b",4.31,"#56C02B"
15,"forest regeneration","\b(\d*)forest regeneration(\d*)\b",4.3,"#56C02B"
15,"rhinoceros","\b(\d*)rhinoceros(\d*)\b",4.26,"#56C02B"
15,"gorilla","\b(\d*)gorilla(\d*)\b",4.24,"#56C02B"
15,"introduced","\b(\d*)introduced(\d*)\b",4.12,"#56C02B"
15,"environmental remediation","\b(\d*)environmental remediation(\d*)\b",4.02,"#56C02B"
15,"zebra","\b(\d*)zebra(\d*)\b",4,"#56C02B"
15,"forests","\b(\d*)forests(\d*)\b",3.98,"#56C02B"
15,"hunting","\b(\d*)hunting(\d*)\b",3.96,"#56C02B"
15,"vegetation restoration","\b(\d*)vegetation restoration(\d*)\b",3.93,"#56C02B"
15,"population decline","\b(\d*)population decline(\d*)\b",3.91,"#56C02B"
15,"crocodile","\b(\d*)crocodile(\d*)\b",3.88,"#56C02B"
15,"elephant","\b(\d*)elephant(\d*)\b",3.85,"#56C02B"
15,"chimpanzee","\b(\d*)chimpanzee(\d*)\b",3.84,"#56C02B"
15,"criminology","\b(\d*)criminology(\d*)\b",3.78,"#56C02B"
15,"biological diversity","\b(\d*)biological diversity(\d*)\b",3.78,"#56C02B"
15,"invasive plant","\b(\d*)invasive plant(\d*)\b",3.76,"#56C02B"
15,"public funding","\b(\d*)public funding(\d*)\b",3.73,"#56C02B"
15,"prey model","\b(\d*)prey model(\d*)\b",3.72,"#56C02B"
15,"cheetahs","\b(\d*)cheetahs(\d*)\b",3.72,"#56C02B"
15,"pest","\b(\d*)pest(\d*)\b",3.7,"#56C02B"
15,"ecology","\b(\d*)ecology(\d*)\b",3.67,"#56C02B"
15,"primates","\b(\d*)primates(\d*)\b",3.64,"#56C02B"
15,"plantations","\b(\d*)plantations(\d*)\b",3.59,"#56C02B"
15,"arctos","\b(\d*)arctos(\d*)\b",3.58,"#56C02B"
16,"human rights","\b(\d*)human rights(\d*)\b",27.48,"#00689D"
16,"corruption","\b(\d*)corruption(\d*)\b",21.36,"#00689D"
16,"community engagement","\b(\d*)community engagement(\d*)\b",15.55,"#00689D"
16,"community participation","\b(\d*)community participation(\d*)\b",14.67,"#00689D"
16,"child welfare","\b(\d*)child welfare(\d*)\b",14.52,"#00689D"
16,"rule law","\b(\d*)rule law(\d*)\b",14.39,"#00689D"
16,"mafia","\b(\d*)mafia(\d*)\b",13.53,"#00689D"
16,"participatory","\b(\d*)participatory(\d*)\b",12.92,"#00689D"
16,"homicide","\b(\d*)homicide(\d*)\b",12.66,"#00689D"
16,"community involvement","\b(\d*)community involvement(\d*)\b",12.56,"#00689D"
16,"public participation","\b(\d*)public participation(\d*)\b",12.38,"#00689D"
16,"participatory research","\b(\d*)participatory research(\d*)\b",12.31,"#00689D"
16,"collaborative decision","\b(\d*)collaborative decision(\d*)\b",12.18,"#00689D"
16,"public engagement","\b(\d*)public engagement(\d*)\b",12.17,"#00689D"
16,"abuse","\b(\d*)abuse(\d*)\b",12.14,"#00689D"
16,"human right","\b(\d*)human right(\d*)\b",12.02,"#00689D"
16,"child protection","\b(\d*)child protection(\d*)\b",11.3,"#00689D"
16,"infanticide","\b(\d*)infanticide(\d*)\b",10.61,"#00689D"
16,"freedom","\b(\d*)freedom(\d*)\b",10.57,"#00689D"
16,"participatory approach","\b(\d*)participatory approach(\d*)\b",10.33,"#00689D"
16,"maltreatment","\b(\d*)maltreatment(\d*)\b",10.12,"#00689D"
16,"armed conflict","\b(\d*)armed conflict(\d*)\b",10.09,"#00689D"
16,"political participation","\b(\d*)political participation(\d*)\b",9.86,"#00689D"
16,"government","\b(\d*)government(\d*)\b",9.73,"#00689D"
16,"corrupt","\b(\d*)corrupt(\d*)\b",9.59,"#00689D"
16,"employee involvement","\b(\d*)employee involvement(\d*)\b",9.3,"#00689D"
16,"cyberbullying","\b(\d*)cyberbullying(\d*)\b",9.16,"#00689D"
16,"armed","\b(\d*)armed(\d*)\b",9.14,"#00689D"
16,"aggression","\b(\d*)aggression(\d*)\b",9.08,"#00689D"
16,"civic engagement","\b(\d*)civic engagement(\d*)\b",9.05,"#00689D"
16,"incest","\b(\d*)incest(\d*)\b",8.91,"#00689D"
16,"physical aggression","\b(\d*)physical aggression(\d*)\b",8.72,"#00689D"
16,"bullying","\b(\d*)bullying(\d*)\b",8.66,"#00689D"
16,"terrorist","\b(\d*)terrorist(\d*)\b",8.61,"#00689D"
16,"assault","\b(\d*)assault(\d*)\b",8.58,"#00689D"
16,"public involvement","\b(\d*)public involvement(\d*)\b",8.55,"#00689D"
16,"violence","\b(\d*)violence(\d*)\b",8.46,"#00689D"
16,"involvement","\b(\d*)involvement(\d*)\b",8.37,"#00689D"
16,"participation","\b(\d*)participation(\d*)\b",8.26,"#00689D"
16,"murdered","\b(\d*)murdered(\d*)\b",8.19,"#00689D"
16,"child abuse","\b(\d*)child abuse(\d*)\b",8.18,"#00689D"
16,"stakeholder involvement","\b(\d*)stakeholder involvement(\d*)\b",8.13,"#00689D"
16,"bribery","\b(\d*)bribery(\d*)\b",8.09,"#00689D"
16,"war terror","\b(\d*)war terror(\d*)\b",8.06,"#00689D"
16,"individual rights","\b(\d*)individual rights(\d*)\b",8.05,"#00689D"
16,"free speech","\b(\d*)free speech(\d*)\b",7.78,"#00689D"
16,"participative","\b(\d*)participative(\d*)\b",7.72,"#00689D"
16,"political engagement","\b(\d*)political engagement(\d*)\b",7.63,"#00689D"
16,"participation decision","\b(\d*)participation decision(\d*)\b",7.62,"#00689D"
16,"economic freedom","\b(\d*)economic freedom(\d*)\b",7.62,"#00689D"
16,"terrorism","\b(\d*)terrorism(\d*)\b",7.49,"#00689D"
16,"employee participation","\b(\d*)employee participation(\d*)\b",7.33,"#00689D"
16,"engagement","\b(\d*)engagement(\d*)\b",7.26,"#00689D"
16,"egovernment","\b(\d*)egovernment(\d*)\b",7.2,"#00689D"
16,"violent","\b(\d*)violent(\d*)\b",7.13,"#00689D"
16,"political violence","\b(\d*)political violence(\d*)\b",7.07,"#00689D"
16,"gun","\b(\d*)gun(\d*)\b",7.07,"#00689D"
16,"sexual abuse","\b(\d*)sexual abuse(\d*)\b",6.98,"#00689D"
16,"sexual","\b(\d*)sexual(\d*)\b",6.97,"#00689D"
16,"violent crime","\b(\d*)violent crime(\d*)\b",6.82,"#00689D"
16,"armed conflicts","\b(\d*)armed conflicts(\d*)\b",6.67,"#00689D"
16,"counter terrorism","\b(\d*)counter terrorism(\d*)\b",6.63,"#00689D"
16,"counterterrorism","\b(\d*)counterterrorism(\d*)\b",6.56,"#00689D"
16,"access justice","\b(\d*)access justice(\d*)\b",6.52,"#00689D"
16,"terror","\b(\d*)terror(\d*)\b",6.49,"#00689D"
16,"political","\b(\d*)political(\d*)\b",6.44,"#00689D"
16,"public accountability","\b(\d*)public accountability(\d*)\b",6.43,"#00689D"
16,"stakeholder engagement","\b(\d*)stakeholder engagement(\d*)\b",6.27,"#00689D"
16,"balances","\b(\d*)balances(\d*)\b",6.26,"#00689D"
16,"murder","\b(\d*)murder(\d*)\b",6.23,"#00689D"
16,"homicides","\b(\d*)homicides(\d*)\b",6.16,"#00689D"
16,"civic","\b(\d*)civic(\d*)\b",6.14,"#00689D"
16,"clientelism","\b(\d*)clientelism(\d*)\b",6.11,"#00689D"
16,"interpersonal violence","\b(\d*)interpersonal violence(\d*)\b",6.09,"#00689D"
16,"fundamental rights","\b(\d*)fundamental rights(\d*)\b",6.08,"#00689D"
16,"transparency","\b(\d*)transparency(\d*)\b",5.91,"#00689D"
16,"abusive","\b(\d*)abusive(\d*)\b",5.8,"#00689D"
16,"sexual assault","\b(\d*)sexual assault(\d*)\b",5.8,"#00689D"
16,"harassment","\b(\d*)harassment(\d*)\b",5.78,"#00689D"
16,"political rights","\b(\d*)political rights(\d*)\b",5.75,"#00689D"
16,"neglect","\b(\d*)neglect(\d*)\b",5.73,"#00689D"
16,"citizen participation","\b(\d*)citizen participation(\d*)\b",5.6,"#00689D"
16,"school violence","\b(\d*)school violence(\d*)\b",5.59,"#00689D"
16,"sex offenders","\b(\d*)sex offenders(\d*)\b",5.58,"#00689D"
16,"checks","\b(\d*)checks(\d*)\b",5.52,"#00689D"
16,"stakeholder","\b(\d*)stakeholder(\d*)\b",5.44,"#00689D"
16,"freedom expression","\b(\d*)freedom expression(\d*)\b",5.4,"#00689D"
16,"sexual harassment","\b(\d*)sexual harassment(\d*)\b",5.36,"#00689D"
16,"public","\b(\d*)public(\d*)\b",5.28,"#00689D"
16,"rights","\b(\d*)rights(\d*)\b",5.28,"#00689D"
16,"bribe","\b(\d*)bribe(\d*)\b",5.27,"#00689D"
16,"repression","\b(\d*)repression(\d*)\b",5.22,"#00689D"
16,"democracy","\b(\d*)democracy(\d*)\b",5.15,"#00689D"
16,"organized crime","\b(\d*)organized crime(\d*)\b",5.06,"#00689D"
16,"direct democracy","\b(\d*)direct democracy(\d*)\b",5.06,"#00689D"
16,"freedom information","\b(\d*)freedom information(\d*)\b",5.04,"#00689D"
16,"family violence","\b(\d*)family violence(\d*)\b",5.02,"#00689D"
16,"civil liberties","\b(\d*)civil liberties(\d*)\b",4.95,"#00689D"
16,"child","\b(\d*)child(\d*)\b",4.93,"#00689D"
16,"liberties","\b(\d*)liberties(\d*)\b",4.92,"#00689D"
